formation_year,year,month,Mkt_RF,ME,IA,ROE
2008,2008,7,0.08495432,-0.12544064148598727,-0.01848641748131509,-0.060872342374820476
2008,2008,8,-0.3539402,0.12106144901722787,-0.0770146849359725,-0.299934298445358
2008,2008,9,-0.15285276,0.07264071348158307,0.013369630065271677,-0.03428102394967569
2008,2008,10,-0.28099943,0.14850607852029865,0.02945510222665526,-0.1397889033244527
2008,2008,11,0.01847923,0.050591081454235486,-0.010235716644947431,0.05053575902063013
2008,2008,12,-0.00068277,-0.018913284415521245,0.0199246140806437,0.01308363792102142
2008,2009,1,0.08594244,-0.05981137163952405,0.004747428302900741,0.10424126147116541
2008,2009,2,-0.08961835,0.015415038101131134,0.033622904558401875,-0.017471420569236052
2008,2009,3,-0.27743718,0.10222255721612236,0.0431665977167856,-0.05178654322220247
2008,2009,4,0.16054788,0.038812832732927766,-0.09397685165976094,-0.036880991168224964
2008,2009,5,0.05990349,-0.05608952686090442,-0.09279484611267186,-0.1009666575737152
2008,2009,6,0.43690531,-0.1997362812601257,-0.06256330648454697,0.25406770056075484
2009,2009,7,0.16907727,-0.07176671305209972,-0.05239081178701124,-0.10472059472609829
2009,2009,8,0.14861637,-0.07341635385951228,0.025889440529220847,-0.04550592620697144
2009,2009,9,0.02361362,0.02064574290584731,-0.032769025652236716,-0.03461563187023859
2009,2009,10,0.33232209,-0.13002781177490408,-0.18948302443077944,-0.24254971360545843
2009,2009,11,0.02138843,0.02960353037569194,-0.12103166740397696,-0.07949855182072951
2009,2009,12,-0.09432374,0.04969686065009735,0.04164344649680183,0.04112102791500721
2009,2010,1,0.06481902,-0.033725973298029184,-0.02561287617240031,-0.026364230174127472
2009,2010,2,0.05244909,0.03767623301644636,-0.09342001121861371,-0.07267505394168844
2009,2010,3,-0.00725952,0.047831059239667656,0.06727594022724603,0.03236616858690536
2009,2010,4,0.115987,-0.05034187029539551,0.02871043813567542,-0.08034747082566426
2009,2010,5,-0.06043776,0.050990920088575475,0.04607369078097366,0.06913171050993551
2009,2010,6,-0.05517752,0.07718648208727666,0.08979774819878482,0.10309174225303608
2010,2010,7,0.1295992,0.024075479945074134,-0.010948143680493641,-0.016146419063302192
2010,2010,8,-0.01351822,0.020508907754994345,0.18231218058516757,0.11750056751399102
2010,2010,9,0.18846235,-0.12188809470306564,-0.13524257493923775,-0.02077799205412506
2010,2010,10,-0.05391219,0.020130889759149305,-0.03365731801924453,0.03940523032895729
2010,2010,11,-0.04448475,-0.01172467092759623,0.011388927935790952,0.028293479257015572
2010,2010,12,-0.01658077,-0.013859335258530463,0.03653500061258641,0.04936671230258037
2010,2011,1,0.04136414,-0.0008990343079468763,0.04809420233754619,0.014484732516467598
2010,2011,2,0.06716446,-0.02100162222325415,-0.07261437686099119,-0.05695370152932555
2010,2011,3,0.02019723,0.03298942525113969,0.05424883609399565,0.035431794402380805
2010,2011,4,0.03631257,-0.010510085067649364,0.011938464143357627,0.008243362487475883
2010,2011,5,0.1326013,-0.052243931098386036,-0.12244119992237917,-0.08698782253522383
2010,2011,6,-0.04089005,0.04745387467663693,-0.006686101655114222,0.022915153457191893
2011,2011,7,0.04075775,0.020722337335296284,0.015147201182926735,0.07068919915222174
2011,2011,8,0.13464154,0.0464198544409017,0.07737076332191832,0.00959589246912657
2011,2011,9,-0.138987,0.07935721034878265,-0.11836025200760272,-0.018476075159452904
2011,2011,10,-0.05662563,0.03481386517567378,-0.09847964845442397,-0.030656162621848594
2011,2011,11,-0.25494558,0.10680289519792072,-0.15538002150972868,-0.04224661349958078
2011,2011,12,0.30132601,-0.03115165124463394,0.18200082603892032,0.006107911486421036
2011,2012,1,0.14379134,-0.03349103493747444,0.05669617001431368,0.0027805995192173513
2011,2012,2,0.12081548,-0.0467921941329595,0.08630562260115496,-0.09264231679947535
2011,2012,3,-0.0818743,0.05138480321429634,-0.048179726321074756,0.0043344834226079695
2011,2012,4,-0.02026292,-0.006010568232577666,-0.017464222722409207,0.02216117993889463
2011,2012,5,-0.06512986,0.00020904795218687575,-0.048640375653543025,0.026592204663455323
2011,2012,6,-0.11132623,-0.015665748654349197,0.027719459537667634,0.040553863685784765
2012,2012,7,-0.11862754,0.10586398454745222,0.02694829929169901,-0.05091117193089604
2012,2012,8,-0.10240704,0.08791508300440823,0.030515319553234967,0.021314778685209358
2012,2012,9,0.33641275,-0.05427541710743165,0.049002424769304165,0.21504420247304293
2012,2012,10,-0.01521084,0.0662231767069889,0.030042738733987898,-0.03136119169842433
2012,2012,11,0.00605008,0.0014784541639591732,0.09317580433090218,-0.015401250977335669
2012,2012,12,0.08992097,-0.08909345987660322,0.1435071183841313,0.11734073783346063
2012,2013,1,-0.03813972,0.06573142298846595,-0.028790610960366544,-0.034353091805947436
2012,2013,2,-0.04836272,0.019681977367152943,-0.01342322572827405,-0.135086973320572
2012,2013,3,0.0013137,0.046557105934090084,0.06264953893377895,-0.0034662712750593294
2012,2013,4,0.02646823,0.08131850851704381,-0.0920534970543572,-0.15061015758976937
2012,2013,5,0.06914392,0.18532939540034396,0.03932552546196613,0.08971676862087682
2012,2013,6,0.11309384,0.09204365104979674,-0.08034029263628262,-0.09921186636798213
2013,2013,7,0.20390913,0.17016009205366206,0.07711341465609411,0.05758970321040924
2013,2013,8,-0.08783884,0.14494663689617282,0.011529875107752906,-0.08502840301948658
2013,2013,9,0.11193607,-0.002463924610843146,0.03853360316689532,-0.007440404279667107
2013,2013,10,0.12320381,-0.02314917103074903,0.07223296669721463,0.025862338514147404
2013,2013,11,0.10837408,-0.03522825465465476,-0.3233945569184226,-0.3763413512597019
2013,2013,12,0.1523987,0.1238823652177919,0.02851168344374544,-0.07682412841617536
2013,2014,1,-0.10861982,0.08611840399670032,-0.08309293095088771,-0.018316291866276195
2013,2014,2,-0.07382911,0.010198126646773087,0.016839132618383545,0.008925467978444429
2013,2014,3,-0.06758093,0.031104991041637806,-0.020293123548411653,-0.03448962935980294
2013,2014,4,-0.02753458,-0.04525265222318367,-0.060900988665284324,0.05562789362732384
2013,2014,5,-0.07198381,0.044145913281011785,-0.14417297233916676,-0.08865800939409563
2013,2014,6,-0.06418413,-0.006048135463432462,0.04540959839523273,0.08634494685147265
2014,2014,7,0.18641308,-0.09186516857303623,-0.007957036352395135,0.0972275976310297
2014,2014,8,-0.05783414,0.054351745446088444,0.003911288513066165,-0.052027721466305285
2014,2014,9,-0.05326019,0.08936347230977626,-0.0013194066199316047,-0.007766338687207131
2014,2014,10,0.00752342,0.025597284919999755,-0.01729252850695917,-0.11654001220536786
2014,2014,11,0.00471989,0.024732262831555496,-0.11148109579266265,0.01311552733553157
2014,2014,12,-0.07244438,0.018515149671060712,0.04917455265284153,0.005564158807434036
2014,2015,1,-0.09226172,-0.01893060178043498,0.04445730646803005,-0.02072043225785332
2014,2015,2,-0.04718739,0.02833213751143035,-0.05632554491408836,-0.02740745148563639
2014,2015,3,0.06758679,-0.07056111111473376,-0.01341566828561365,-0.03564127037937746
2014,2015,4,-0.02364036,0.02155048696852746,0.03624178910619198,0.0201383544501065
2014,2015,5,-0.00630142,0.017982195227597086,0.030944331509362318,0.053708710023412626
2014,2015,6,-0.04983903,-0.00837889880882483,0.012497043851705246,-0.06723011417229621
2015,2015,7,-0.00866308,0.015349589257277833,-0.03980661896525124,-0.02691890687618778
2015,2015,8,-0.08678235,0.023127164879398383,0.015233340223185055,0.02125663662312547
2015,2015,9,-0.05765165,0.0034580468067077156,-0.005902016196296753,0.004004353920387029
2015,2015,10,0.06142763,-0.044063847853172286,0.030670322789737078,0.041277512777560005
2015,2015,11,-0.04232344,0.04745469558779032,0.0036680495699912856,0.042403807944318875
2015,2015,12,-0.03993797,0.019209825824226326,-0.004796359161760053,0.017739593192594893
2015,2016,1,0.15572452,0.041656553525745155,-0.03670016030576306,-0.12568914041334978
2015,2016,2,0.01059155,0.03697996433265896,-0.039130540037690946,-0.08956619980448031
2015,2016,3,0.15627817,-0.11081744209585347,-0.007610509339463098,-0.09249429993112994
2015,2016,4,-0.00328678,0.09114999843208445,-0.04758568753470799,-0.050703228618980065
2015,2016,5,-0.06398957,0.09300647732627298,0.00022748687066791607,-0.0018162797245445707
2015,2016,6,-0.00321491,-0.025819374671855022,-0.03321646604050968,0.016452631651271116
2016,2016,7,0.01503509,0.0021965753180176583,-0.014356894538831058,-0.04551523139025575
2016,2016,8,9.858e-05,0.033537789372954215,-0.037599596206592326,-0.009089966353171296
2016,2016,9,0.00927197,0.0738625949813565,-0.020241245661557307,-0.08278263131722313
2016,2016,10,0.08038908,-0.04092243229027315,-0.04058752611457618,-0.035190199521159524
2016,2016,11,0.10056133,-0.02673992891792512,-0.006270956592940739,0.027502348551352196
2016,2016,12,-0.0194702,-0.00910025256079086,-0.010187773312394044,0.07522140514940343
2016,2017,1,-0.00635919,0.028614621818692815,-0.01943421607925791,-0.038840038000595656
2016,2017,2,-0.03412522,0.028325490818269298,0.02232072195312946,-0.06512970852415084
2016,2017,3,-0.02102045,0.05090247789365342,-0.004387337615079024,-0.02232658844215764
2016,2017,4,-0.02359403,0.18829739206822504,0.0038180814382062778,-0.13109767677402687
2016,2017,5,0.01080462,-0.028472163649009355,0.004740594148459764,0.06679840643331558
2016,2017,6,-0.02235596,0.0039247381003102155,0.021521300949888966,-0.015588235405531822
2017,2017,7,0.04659664,0.06965519007365009,0.04483361436955133,0.004109301583973685
2017,2017,8,0.00812791,-0.01384367303999421,-0.041374470912801845,-0.05651731321249414
2017,2017,9,-0.00508793,0.03409798606781323,-0.05905034835634224,-0.0816872585541149
2017,2017,10,0.00862522,-0.07623709797569211,0.055749801712733846,0.036377488822142895
2017,2017,11,0.0277213,-0.025446017509379505,0.007323306396113963,0.03624062382354181
2017,2017,12,0.00870674,-0.05344459385677211,-0.001587421674806402,0.07752218133488972
2017,2018,1,0.11072857,-0.04931942951324099,0.06443310999512644,0.08153255058182832
2017,2018,2,-0.03145426,0.004529216081466761,-0.010780111436872724,-0.05920894437214089
2017,2018,3,-0.03671061,0.0029067771497181243,-0.007978615110649907,0.03443487576370865
2017,2018,4,-0.10179073,0.06506453814011119,-0.06485227035116051,-0.04932641785618051
2017,2018,5,0.0074739,0.06426863119625317,-0.018822185195325705,-0.09511269044727047
2017,2018,6,0.17801052,-0.14041189816624283,0.009319289696468336,0.03609526784459442
2018,2018,7,-0.01634867,-0.0208140687935151,-0.022371333646638167,0.018285463016047804
2018,2018,8,0.29702828,-0.12075572614757311,0.054354181893359305,0.12842509775176658
2018,2018,9,0.46979258,0.15873048323661074,-0.025223508914246406,-0.14501962636352728
2018,2018,10,-0.10007606,-0.07141198240705143,0.036977746935554334,0.12190543277674651
2018,2018,11,-0.12832889,0.1375298804100901,0.017517647407161614,-0.03230264408359371
2018,2018,12,-0.01805021,0.041627172666316305,0.017301047661340475,-0.00632358278176081
2018,2019,1,-0.01373464,0.11960865163990687,-0.07011336475956051,-0.05187176712007537
2018,2019,2,0.04555199,-0.013158835440874966,0.05697860423886862,0.014489352247755286
2018,2019,3,0.16649118,0.05914631397659807,0.10007125874994444,-0.008901096166679612
2018,2019,4,0.11762345,0.08839334773615497,-0.09436037919802193,-0.14476930972398905
2018,2019,5,0.06565089,0.16465788067316808,0.010936553730015203,0.018715350505509598
2018,2019,6,0.0652188,0.11077687411682363,0.06640399240645639,-0.039731238459787516
2019,2019,7,-0.00821082,0.08907958365249977,-0.11835942439426855,-0.061303156927588226
2019,2019,8,0.10198438,0.13757517098495603,-0.1798838395412492,-0.14193800920907262
2019,2019,9,0.12349989,0.11718391989783994,-0.07848553822241444,-0.06867258836501602
2019,2019,10,-0.09979847,-0.035873687914758576,0.04469863136391562,0.06011291938647448
2019,2019,11,0.04382192,0.07445314175551317,-0.06408498846995922,-0.08452237144412143
2019,2019,12,0.2075678,0.019305777854684986,-0.04636021265099333,-0.11710086822822152
2019,2020,1,0.1968509,-0.015177938960796583,0.024513177717122775,0.04424856752731299
2019,2020,2,0.07550656,0.10542124827689767,-0.02669202791648416,-0.07962199379586879
2019,2020,3,0.05004038,-0.001911300474835391,-0.1039473080954712,-0.27710784795093923
2019,2020,4,0.63247489,-0.542319835785178,0.26769266189330854,0.16196134636197734
2019,2020,5,0.26740801,-0.1832161698336146,0.04356666211990334,0.19348621044580888
2019,2020,6,0.83924966,-0.3547780939270575,0.39471692347506193,0.13868429970047214
2020,2020,7,0.4361505,-0.31464488761894804,0.06220210468266987,0.04753786650883818
2020,2020,8,-0.21650569,0.13262450461658826,-0.1861422837386536,0.06626473706979283
2020,2020,9,-0.25878822,-0.05296808699672651,-0.16303571029118813,-0.10397288711600666
2020,2020,10,-0.01824145,0.07534025784020695,0.17021232200160508,0.0706287855937646
2020,2020,11,0.11530317,-0.08293407554458147,0.04248141835950542,0.06615217250028083
2020,2020,12,-0.39378282,0.1704401511603109,-0.09119167657041889,-0.24871625480575107
2020,2021,1,-0.24712553,0.08212853875617032,-0.05193841756125589,-0.051219024909872804
2020,2021,2,-0.12014639,0.03962083944545122,-0.07112609118815072,-0.16753057657641995
2020,2021,3,0.00826918,-0.07974486965387807,0.03083326772626818,0.017884949669876405
2020,2021,4,-0.12251209,0.10713221813402321,-0.015167629111037265,0.002476234890434678
2020,2021,5,-0.22162057,0.015322671317039953,-0.07244406862920033,-0.01965105304833767
2020,2021,6,0.07235186,-0.26374364502094005,-0.038907140441311605,0.10177048193803179
2021,2021,7,0.08340678,-0.040229779550355685,0.05328201172229427,0.03829431447573668
2021,2021,8,0.06638701,0.018041147137079883,-0.07971644572447209,-0.10191266827642098
2021,2021,9,-0.0577851,-0.020500441288109968,0.052630009707955866,0.09573199446890279
2021,2021,10,-0.118995,-0.09334151548803174,-0.05046040522415421,0.04146296026095944
2021,2021,11,-0.01567171,0.020951352506998467,-0.05714000244280285,-0.2150525003520267
2021,2021,12,-0.03475856,-0.14557567667674745,-0.04932594081668975,0.13236682826457435
2021,2022,1,-0.11008267,-0.05708364814751062,-0.00771911822680095,0.004482461218681066
2021,2022,2,-0.04588347,0.018968582389742382,-0.062040747667284034,0.06567960694719238
2021,2022,3,0.06356022,0.03417385304585264,0.018050878092126826,-0.1286745265296466
2021,2022,4,0.0898548,0.05137640809959873,-0.019442871660560218,-0.05700194159513601
2021,2022,5,-0.02736564,-0.15938233176224884,-0.4409626459831437,-0.35425877976610465
2021,2022,6,-0.04408814,0.0034820349032890965,-0.0088008365966381,-0.026265262654483368
2022,2022,7,-0.08816708,-0.03520870893805584,0.07502558316311872,0.09439440094565124
2022,2022,8,-0.0370483,0.11671227776734214,-0.12270654959462424,-0.13408674627530873
2022,2022,9,-0.08779195,0.012693314781650956,-0.011030666016872331,-0.025077502906946977
2022,2022,10,-0.07956218,-0.08413485523614966,0.06038898392154897,-0.042080997917368135
2022,2022,11,0.09760921,0.024649680343180533,-0.04431487190367403,-0.0657702521651728
2022,2022,12,0.10293419,0.0187334254772561,0.019315205180736386,0.00045734878097559994
2022,2023,1,-0.04409852,0.06500459321346758,-0.04686689919328062,-0.0016310396566949423
2022,2023,2,0.15761088,-0.18733316842690473,0.03160438343226343,-0.025121841385360263
2022,2023,3,0.05958172,0.09251035126034429,-0.017521612319675473,-0.06093110590419304
2022,2023,4,0.19087613,0.109338072222894,-0.15816363409041265,-0.12415612495545902
2022,2023,5,-0.10744832,0.050391847293043135,-0.05466323571318893,-0.057193262428706995
2022,2023,6,-0.07901061,0.033562232718419266,-0.024792290654879045,0.028961725759802843
2023,2023,7,-0.11206172,0.03998736491897548,-0.006905024699118481,0.046492341694984896
2023,2023,8,0.04242931,-0.04112289454303711,-0.009910976965003215,0.02285159597537987
2023,2023,9,-0.02706185,-0.00999090588932039,-0.040306575946535944,0.02309029014939725
2023,2023,10,-0.07445101,-0.04039604020604158,0.030616542755015658,-0.037354030961150655
2023,2023,11,0.02492846,0.04850488367805279,0.00029184054678260685,-0.05890787577160539
2023,2023,12,0.04103304,-0.0012402246223692237,-0.051751579425888705,-0.0010062433214355765
2023,2024,1,-0.05900872,-0.03354153601911229,-0.0658433207176503,-0.04827755108315348
2023,2024,2,-0.08947417,0.023654093124711367,-0.019724611657819795,-0.017386890406827303
2023,2024,3,0.0194249,-0.03492350240784789,0.04865240289859045,0.021764826672060596
2023,2024,4,-0.01583711,-0.04780396546926538,-0.01675976696997443,0.03891047434139721
2023,2024,5,-0.10359517,-0.0164586761732909,0.009520415062808346,0.015821687548785962
2023,2024,6,-0.04118085,0.011800628027133053,-0.006105834384288904,0.039920512495758766
2024,2024,7,-0.02737086,-0.03819347518259031,0.00036034923010539247,0.06812405920846533
2024,2024,8,-0.01055113,-0.031721254690352904,-0.028118960292650888,0.0005217374722007026
2024,2024,9,-0.01175611,0.0657168752085965,0.0377316127831162,-0.08337003039021926
2024,2024,10,-0.05654119,-0.05024820295674145,0.02075152986826341,-0.014306991641233252
2024,2024,11,0.1548091,-0.03494820464586522,-0.04092498279989748,-0.021932018297662587
2024,2024,12,0.12472974,-0.09139514074772292,-0.06399388062328008,0.03796812962261241
2024,2025,1,-0.00504591,0.03799196060161371,0.04482099019227939,0.0878983997244083
2024,2025,2,-0.01279902,-0.056903393460874474,-0.009496569571323641,0.02395496116394
2024,2025,3,-0.1089457,-0.01453808819020317,-0.002646373125384849,-0.019186844162474945
2024,2025,4,0.07582619,0.05460695712543197,0.04460523003371783,-0.07099778050135418
2024,2025,5,-0.0665467,0.06448193509305108,0.02809616236151933,0.010165387247718198
2024,2025,6,-0.13664532,0.01583605725038105,-0.047166904353647676,-0.03274160484302799
2025,2025,7,-0.06853734,-0.0229390273870566,0.03456750240696743,0.08931357638747753
2025,2025,8,-0.12396207,-0.04172586627359348,-0.059930119289722944,-0.06852014584203556
2025,2025,9,0.11555132,-0.08386183601913008,-0.028128067368703102,0.012256338860365479
2025,2025,10,0.16906794,-0.04935897336466083,0.044961942523350146,0.00844839002895248
2025,2025,11,0.00037332,0.03220558069813217,0.06897646791698675,-0.006074119806858243
2025,2025,12,0.21240517,-0.05412052699965718,-0.04954372347262559,-0.04972236785827214
2025,2026,1,-0.07180252,-0.016610143341811733,0.14221406312764429,0.040910443716187406
2025,2026,2,-0.08834984,-0.013620145421331331,-0.014354249156047896,-0.008125630638472756
2025,2026,5,0.15775468,-0.05866301718047064,-0.06019846204508239,0.016694339217789678
2025,2026,6,0.1869479,0.026146900076775226,-0.0046263334863749506,-0.07119055408123856
