formation_year,year,month,Mkt_RF,SMB,HML,RMW,CMA,P_CMA_BA,P_CMA_BC,P_CMA_BN,P_CMA_SA,P_CMA_SC,P_CMA_SN,P_HML_BH,P_HML_BL,P_HML_BN,P_HML_SH,P_HML_SL,P_HML_SN,P_RMW_BN,P_RMW_BR,P_RMW_BW,P_RMW_SN,P_RMW_SR,P_RMW_SW
2008,2008,7,0.08495432,-0.12500378,-0.02318384,0.01405521,-0.05185977,0.16713295,0.04515358,0.06587634,-0.0761498,-0.05788996,0.02389872,0.04319444,0.10364955,0.06644847,-0.07675621,-0.09084364,-0.00998722,0.27331451,0.0124793,-0.02450754,-0.03906279,-0.02718895,-0.01831253
2008,2008,8,-0.3539402,0.13855264,0.20464281,-0.23796186,-0.07601845,0.12938348,-0.05407723,-0.43212862,-0.02760103,0.00382279,0.01533759,0.0238128,-0.3562414,-0.14465017,0.00554655,-0.02368487,0.002493,0.05394929,-0.4858747,-0.00826919,0.02728951,-0.01432187,-0.01600366
2008,2008,9,-0.15285276,0.09072766,0.02936712,-0.0614115,0.01979015,-0.12233234,-0.05149014,-0.15450098,-0.02456553,-0.05582744,0.00617343,-0.06508397,-0.14609203,-0.1116794,-0.01035892,0.01191489,-0.03114989,-0.11073457,-0.16598352,-0.0615624,-0.0319791,-0.02775988,-0.00935799
2008,2008,10,-0.28099943,0.17598919,0.10162184,-0.16694024,0.04641054,-0.14531067,-0.0292347,-0.30938977,-0.00527952,-0.0285344,0.01137788,-0.06380973,-0.27496667,-0.20250239,0.02823195,0.0361452,-0.02148499,-0.17953845,-0.33574862,-0.03473692,-0.01850316,-0.01307848,0.0197903
2008,2008,11,0.01847923,0.0529302,-0.07295962,0.06963913,0.01353472,-0.0392321,-0.03252922,0.04486909,-0.00714852,0.01321803,0.0573885,-0.0580383,0.0348385,-0.05832723,0.03214425,0.08518669,0.02245505,-0.11302483,0.06784671,-0.03632136,0.00662147,0.05584889,0.02073871
2008,2008,12,-0.00068277,0.01142321,-0.08930701,-0.04668202,0.03014149,-0.02651889,0.01826416,0.01459502,-0.05696985,-0.04146992,-0.01106623,-0.09464401,0.02035505,-0.19267754,-0.02719603,0.03641892,-0.03361504,-0.08548109,0.02377396,0.01763789,-0.03951887,-0.06398481,0.0355153
2008,2009,1,0.08594244,-0.06378054,-0.1097855,0.04876983,0.00858027,-0.00751961,-0.02118052,0.12051529,-0.07513343,-0.04431198,-0.02827983,-0.04214497,0.10229659,0.03712381,-0.00511471,0.07001472,-0.05694594,-0.02013679,0.13698968,-0.00665509,-0.01617017,-0.08245011,-0.036345
2008,2009,2,-0.08961835,0.02937726,0.0468102,-0.06773301,0.04751705,-0.00997424,0.11287572,-0.10228493,0.00921032,-0.01860553,-0.01335124,-0.04002691,-0.0779537,-0.09380155,0.0266737,-0.02901992,-0.02224987,-0.06686151,-0.10349388,0.03941884,-0.01651797,-0.00319981,-0.01064651
2008,2009,3,-0.27743718,0.10831587,0.22336455,-0.13215561,0.02505829,-0.0787068,-0.01632544,-0.31089771,0.00325651,-0.00900826,-0.01840104,0.0345467,-0.27982641,-0.04143745,0.01082684,-0.12152915,-0.00789593,-0.05839549,-0.33640343,-0.05923331,-0.02257096,0.00317217,-0.00968673
2008,2009,4,0.16054788,-0.02664825,0.00550829,0.00242031,-0.10087791,0.01024368,0.01614363,0.20655705,0.22008279,0.01242703,0.04995557,0.05239387,0.17539358,0.1385784,0.0628152,-0.0712011,0.07773386,-0.01985632,0.22825382,0.04785387,0.04904331,0.01965568,0.19521502
2008,2009,5,0.05990349,-0.03999389,0.02716309,-0.03832004,-0.09229089,0.1824446,0.09714781,0.0561808,0.10755515,0.00827017,0.061343,0.09166102,0.07113825,0.07928183,0.04058932,0.00678591,0.05708905,0.04263171,0.06438648,0.12631931,0.02049982,0.06720356,0.08191082
2008,2009,6,0.43690531,-0.16218715,-0.32311407,0.27819763,-0.04872222,0.06195392,0.01047191,0.54170566,0.05722456,0.01126212,0.01284642,0.0548687,0.46655296,0.13640416,0.07789616,0.31244004,-0.0006201,0.08411822,0.60300645,0.0345385,0.02927908,0.01076759,0.02284029
2009,2009,7,0.16907727,-0.0860637,0.07028861,-0.09821737,-0.06011052,0.23504821,0.11372219,0.02352544,0.03640938,0.03751436,0.10605591,-0.02603353,0.1939368,0.09360881,0.08166148,-0.27888606,0.04722253,0.09132604,0.01956714,0.21855797,0.08765167,0.03680629,0.0342502
2009,2009,8,0.14861637,-0.08537514,0.02440446,0.07756872,0.00948895,0.16652368,0.16638779,0.13151235,0.10074582,0.11985962,0.04306022,0.25632915,0.15379313,0.21907218,0.09630056,0.15002766,0.053811,0.16115836,0.20585989,0.15735255,0.04598119,0.17322841,0.06659832
2009,2009,9,0.02361362,0.03752023,-0.0522143,-0.02019106,-0.03343232,0.0551318,-0.01808039,0.00751173,0.03431605,0.0406636,0.04530258,0.02160467,0.03947497,-0.04741432,0.06776247,0.15432078,0.02452702,-0.00104525,0.04093653,0.043344,0.05018072,0.012049,0.05002366
2009,2009,10,0.33232209,-0.10715938,-0.15014917,-0.22934451,-0.18503494,0.47310413,0.13434904,0.06416041,0.11187118,0.08055638,0.09241471,0.05968747,0.37129457,0.10793446,0.10452843,0.09321968,0.0914807,0.12401201,0.05362848,0.43486225,0.10308823,0.05199191,0.12944715
2009,2009,11,0.02138843,0.02299294,0.00461631,-0.02412279,-0.09717477,0.08235248,-0.1130796,0.00617298,0.01456076,0.0156433,0.01668085,-0.0267782,0.03624089,-0.02991248,0.03531162,-0.0369401,0.02341309,-0.09550624,0.01901505,0.06954617,-0.01093522,0.04976935,0.04748381
2009,2009,12,-0.09432374,0.05883584,-0.06018963,0.02450879,0.04906776,-0.10684027,-0.05303959,-0.04086293,-0.0456761,-0.00134127,-0.02164954,-0.10664973,-0.08653776,-0.07110013,-0.02983327,0.07043401,-0.02774732,-0.04453692,-0.0544676,-0.09908707,-0.02362943,-0.02487919,-0.0292773
2009,2010,1,0.06481902,-0.04854041,0.06493853,-0.00935001,-0.02561349,0.09924062,0.0460313,0.015465,0.0253791,0.02736143,0.02126377,0.05339074,0.07428012,0.09124115,0.05369145,-0.097075,0.01820245,0.02505642,0.06003438,0.0902353,0.0260197,0.02738468,0.01588378
2009,2010,2,0.05244909,0.0196618,0.02511884,-0.05149435,-0.08884133,0.09494985,-0.01845362,0.02806375,0.09082349,0.0265443,0.05024456,0.06211652,0.06398774,0.02665066,0.10568954,0.05358063,0.0274929,-0.01448278,0.02472878,0.08884018,0.06369285,0.03820587,0.07708318
2009,2010,3,-0.00725952,0.02709028,0.0711909,0.02540888,0.0541624,-0.03157394,0.06502979,0.0554092,0.07000425,0.08172533,0.06152366,0.11748427,-0.00601103,0.0645756,0.07645375,0.05756725,0.06632504,0.05439385,0.07326514,-0.01776311,0.07138775,0.04671239,0.08692287
2009,2010,4,0.115987,-0.04473611,-0.00422255,-0.0180612,0.01719689,0.13668022,0.12455334,0.08558819,0.0398711,0.08639175,0.05663247,0.08962454,0.1313438,0.07252945,0.06234629,0.02907214,0.05211743,0.10602737,0.02813257,0.13822189,0.05134239,0.10313487,0.02916795
2009,2010,5,-0.06043776,0.06428585,0.04036204,0.02970988,0.02475774,-0.08397631,0.00628458,0.00452553,0.05626499,0.01551958,0.03827385,-0.00987441,-0.05453393,-0.02367713,0.06387794,0.02781337,0.03598078,0.00045226,-0.00824595,-0.06942268,0.05675145,0.02193282,0.02368979
2009,2010,6,-0.05517752,0.06978131,0.02903758,0.0526078,0.06974038,-0.09575492,0.02103264,0.04976313,0.04406895,0.06676213,0.07268572,0.0281712,-0.05793929,0.06752237,0.09318046,0.1212158,0.0433777,0.01920104,0.03509214,-0.07254242,0.06429854,0.05728471,0.05970367
2010,2010,7,0.1295992,-0.00746378,0.05353607,0.10068114,-0.00657408,0.16585363,0.05406103,0.04001747,0.05796998,0.15661443,0.10025916,0.18588887,0.14515992,0.0328664,0.13551281,0.06916964,0.1073056,0.15434221,0.1398302,0.03655064,0.13519284,0.11172733,0.0136446
2010,2010,8,-0.01351822,0.02724946,0.13352364,-0.02406059,0.17445453,-0.07670187,0.22191003,0.09969818,0.10011188,0.15040903,0.08551291,0.18580606,-0.01573915,0.10705406,0.10618804,0.04068596,0.13655791,-0.0318371,0.06523207,0.14675034,0.10615733,0.1275959,0.09419879
2010,2010,9,0.18846235,-0.08022188,-0.07356996,-0.03814682,-0.14963932,0.25812302,0.03988297,0.07230933,0.07253383,-0.00850476,0.04228553,0.01001809,0.2118374,0.0564621,0.02417745,-0.03050195,0.04941321,0.2242399,0.05516552,0.07249398,0.01794617,0.02611034,0.08507553
2010,2010,10,-0.05391219,0.03637968,-0.02971414,-0.02677605,-0.06690254,-0.03223266,-0.09949513,-0.04064153,0.01257738,-0.05396522,-0.0061784,-0.06141959,-0.04599005,-0.01263557,-0.01937353,0.02462521,-0.01446313,-0.04546985,-0.02345657,-0.04338767,-0.03507248,-0.02947226,0.04401094
2010,2010,11,-0.04448475,-0.01238361,0.021646,-0.01868314,0.02145702,-0.04727567,-0.00442074,0.00164214,-0.04131882,-0.04125971,0.021715,-0.00446107,-0.04124727,0.0475084,-0.0327271,-0.03923291,-0.01235323,-0.04426392,-0.02691125,0.02110265,-0.0041758,-0.02488953,-0.03553716
2010,2010,12,-0.01658077,-0.02179017,0.07475361,0.00220126,0.04390314,-0.01617994,0.03627916,-0.00917732,-0.02434268,0.0110045,-0.01532371,0.10667185,-0.01049582,0.01353603,0.01499216,-0.01734737,-0.01415589,-0.01105229,0.00883973,0.01456517,-0.02523395,0.00870495,-0.00142302
2010,2011,1,0.04136414,-0.03009285,0.09371743,-0.01143364,0.03417075,0.03127921,0.09681821,0.10644837,0.06128143,0.06408393,0.04491207,0.13730261,0.04383111,0.1410134,0.1063024,0.01233903,0.0399198,0.04218015,0.04043163,0.11141938,0.05909627,0.070037,0.02191652
2010,2011,2,0.06716446,-0.04779997,0.00433284,0.00510678,-0.07035868,0.10875453,-0.01776473,0.01732947,0.01958641,0.00538831,0.00867218,0.09940103,0.07696129,0.07226873,0.00284069,0.01661474,0.00714685,0.08278363,0.03375228,0.04654053,0.00398138,0.02429912,0.00129731
2010,2011,3,0.02019723,0.01985778,-0.00793377,0.05419839,0.06156698,0.00815446,0.08904344,0.06937207,0.07972745,0.12197241,0.0595445,0.1902371,0.01579586,0.18921336,0.05736039,0.24766917,0.07344386,0.02696595,0.05502246,0.03995959,0.10655765,0.1047714,0.01143748
2010,2011,4,0.03631257,-0.00849159,-0.03925828,-0.00079731,0.00557006,0.03276339,0.08387478,0.07400302,0.04491081,0.00493955,0.05633546,0.00546581,0.04674864,0.05367302,0.03581519,0.07304893,0.02805784,0.04364976,0.00272878,0.06903721,0.02136672,0.06787972,0.0031659
2010,2011,5,0.1326013,-0.04743671,-0.03710565,0.03236261,-0.12894686,0.22068435,-0.0507634,-0.06742353,-0.01832835,-0.00477433,-0.02043926,0.0771033,0.15987191,-0.09521582,0.01046995,0.00191265,-0.02737978,0.17680495,-0.04372504,-0.05725143,-0.03625504,0.01957393,-0.0316249
2010,2011,6,-0.04089005,0.04020621,-0.00853307,0.02113818,-0.02567365,-0.02042862,-0.07422756,-0.02697349,-0.00111045,0.00134119,0.00450692,-0.04248665,-0.03112051,-0.00922213,0.02479016,0.03049017,-0.01742357,-0.02438816,-0.03393953,-0.06555544,0.02337212,-0.01089614,-0.02155659
2011,2011,7,0.04075775,-0.01697096,-0.00666334,0.0597987,0.0178241,0.02120149,0.0581136,0.01613056,0.01274553,0.01148164,0.04142772,0.03281954,0.05551834,0.02087797,0.01674339,0.00737128,0.03072457,0.05786278,0.06290399,0.00719665,0.01590692,0.05368765,-0.01020239
2011,2011,8,0.13464154,-0.01287369,-0.07753304,-0.0044006,0.07204484,-0.00757678,0.17457747,-0.00174977,0.06338726,0.02532268,0.0553086,0.00235141,0.16108574,0.02708425,0.03274731,0.02907907,0.06630352,0.17489922,-0.01222955,-0.0002955,0.06243177,0.03541795,0.0322851
2011,2011,9,-0.138987,0.09560148,0.07188133,-0.01855602,-0.10983335,0.04211255,-0.17135065,0.07790241,0.08634664,0.08014314,0.05483329,0.01240002,-0.15354142,0.08452418,0.08292446,0.10510325,0.05547988,-0.17184229,0.047382,0.06741095,0.05477316,0.07936209,0.09644518
2011,2011,10,-0.05662563,0.04677681,-0.01109972,-0.0184326,-0.09418813,0.02383716,-0.05233376,-0.02850381,0.06352828,-0.04867707,0.03838031,-0.02608341,-0.04816646,-0.02513401,0.02001299,0.06429549,-0.00537477,-0.05260731,-0.00959289,-0.00934121,0.01057004,0.00685841,0.04347193
2011,2011,11,-0.25494558,0.10882823,0.06613999,0.02908368,-0.14663714,-0.04987783,-0.28305553,-0.07066706,-0.00650143,-0.06659802,-0.02472759,-0.09575096,-0.26042831,-0.08929889,-0.02025804,0.01213932,-0.05633077,-0.28103131,-0.07433057,-0.06544595,-0.01028258,-0.02541065,-0.09246262
2011,2011,12,0.30132601,-0.06106591,-0.14338917,0.0255188,0.17874792,0.08132404,0.35941913,0.04958481,0.02825468,0.10765543,0.13426226,0.03802857,0.34504268,0.00992658,0.11260407,0.09236829,0.08072465,0.3564677,0.08001943,0.06493162,0.07681775,0.11920701,0.08325722
2011,2012,1,0.14379134,-0.07123635,-0.03935874,-0.02276419,0.08754416,-0.02343038,0.18677972,0.00268592,0.01975795,-0.01536382,0.01133182,0.07052877,0.16629522,0.06152646,-0.00553657,-0.02258554,0.01053287,0.18423924,0.00090801,0.00075187,0.02803148,-0.03134752,0.014337
2011,2012,2,0.12081548,-0.03227067,-0.10391528,-0.02768132,0.08079432,-0.02955648,0.15697112,0.02209833,0.01389347,-0.01104549,0.01574373,-0.02172257,0.1516266,-0.02644434,0.0112122,0.0456936,-0.00431982,0.15625857,-0.0350541,0.01746083,0.00057551,0.01330054,0.01614824
2011,2012,3,-0.0818743,0.05757456,0.06638376,-0.01158948,-0.04766319,0.06537363,-0.09893941,0.06772233,0.03693666,0.10592334,0.05720543,0.05420711,-0.08866392,0.05931624,0.06814512,0.07824863,0.057218,-0.09962711,0.05170032,0.07036933,0.07186571,0.05978835,0.06429831
2011,2012,4,-0.02026292,0.001571,0.02096488,0.04386939,-0.0205181,-0.01363466,-0.00870125,-0.01190764,0.02962919,-0.01634041,-0.01454151,0.00498481,-0.0107807,0.00054188,0.02178944,-0.00437481,-0.01880807,-0.00773671,0.04576498,-0.02682839,0.00457008,-0.00046858,-0.01561399
2011,2012,5,-0.06512986,0.00892725,0.07423706,0.03604299,-0.06108557,0.01056016,-0.06643711,0.02082697,0.033934,-0.01123987,-0.02059013,-0.03114982,-0.06229079,0.01650554,0.04076229,-0.07657087,-0.01432056,-0.06584593,0.03949026,0.009154,-0.02811008,0.03452175,-0.00722797
2011,2012,6,-0.11132623,0.02707928,0.04695246,0.03193212,-0.02843812,-0.08495933,-0.12588589,-0.07643532,-0.05074819,-0.06669787,-0.06491996,-0.05167866,-0.10937809,-0.08991415,-0.04191007,-0.07811557,-0.06634558,-0.12176032,-0.05853378,-0.08599054,-0.05912404,-0.04827691,-0.08468439
2012,2012,7,-0.11862754,0.08237015,0.08353989,0.00594837,0.03085514,-0.0205245,-0.02596495,-0.12707896,-0.00227012,0.0648806,0.03354521,-0.0045189,-0.11625822,-0.05678428,0.03449679,-0.02084367,0.04434055,-0.12645993,0.01712177,-0.02699396,0.0344754,0.01651282,0.0487318
2012,2012,8,-0.10240704,0.05329525,0.08173061,0.04474961,0.04228446,-0.03625522,-0.0027906,-0.1070638,-0.00369269,0.04741161,0.00022964,0.02352967,-0.10367095,-0.00800256,-0.00060763,-0.03686822,0.02567074,-0.10335903,-0.01664847,-0.03644927,-0.01963241,0.07306718,0.00336876
2012,2012,9,0.33641275,-0.13263624,-0.03757641,0.05086373,0.03428826,0.11262036,0.20453921,0.38929771,0.14220225,0.11885992,0.13161502,0.24022405,0.36131277,0.25381252,0.1440558,0.0981199,0.1326766,0.38105143,0.25487828,0.15517265,0.13246687,0.13060413,0.12858229
2012,2012,10,-0.01521084,0.02833521,0.05142119,0.07460479,0.03297951,0.0472665,0.09496872,-0.02020495,0.07309742,0.09135423,0.07768248,0.03950893,-0.01570854,0.08497115,0.08687166,0.03924675,0.0789605,-0.02174428,0.15963428,0.05555184,0.07810057,0.09953702,0.05440988
2012,2012,11,0.00605008,0.01995156,0.01403734,-0.00163145,0.09023703,-0.04060319,0.11755926,0.01298871,0.01310621,0.03541781,0.07527237,0.07680769,0.01643784,0.0102977,0.03883606,0.07113124,0.04621467,0.01756818,0.05867093,-0.0017185,0.0445455,0.02969825,0.09335058
2012,2012,12,0.08992097,-0.11052124,0.06981597,0.10808833,0.12321015,0.00739056,0.19291572,0.10160697,-0.01430798,0.04658717,-0.00817959,0.11985313,0.09065978,0.19743274,0.04711056,-0.06332803,-0.00194936,0.11250065,0.15603317,0.01578126,0.00503508,0.03221987,-0.04370487
2012,2013,1,-0.03813972,0.03295955,0.02287133,0.011543,0.00373485,-0.02903538,-0.01676808,-0.0264551,0.01794417,0.01314658,-0.00330853,0.00703197,-0.02220723,-0.06419656,-0.00397895,-0.02048242,0.01131778,-0.02132247,-0.0417575,-0.04937103,0.00046981,0.01645932,0.00098684
2012,2013,2,-0.04836272,0.04185067,0.05430713,-0.04702847,0.00453459,0.05202036,0.02630904,-0.0526662,0.01396907,0.04874956,0.06306698,0.00401221,-0.04154327,0.00271244,0.11352963,0.05047085,0.02659668,-0.06938334,0.01370719,0.14141616,0.04327989,0.06361496,0.02996294
2012,2013,3,0.0013137,0.03764305,0.04909649,-0.00624696,0.03864637,0.02659588,0.02777185,0.01057258,0.02963601,0.10575278,0.05155928,0.04839973,0.01077583,0.03147995,0.10457811,0.04400903,0.05466762,0.00856013,0.01681326,0.04091844,0.08004381,0.05101986,0.03940859
2012,2013,4,0.02646823,0.09065848,0.0221234,-0.07502899,-0.07879645,0.245622,0.06841758,0.01341228,0.11289374,0.13250525,0.22537611,0.08594624,0.02897395,0.11512957,0.19818586,0.21091134,0.16662923,0.02042902,0.07582324,0.13026495,0.15537349,0.15122693,0.24684321
2012,2013,5,0.06914392,0.13710533,-0.12299766,0.11151725,-0.04042781,0.13688073,0.01829422,0.08267237,0.22285159,0.26058248,0.13236665,-0.00197558,0.08534524,0.05604775,0.16646152,0.32513602,0.17461906,0.08639354,0.10846156,0.04201944,0.12981158,0.29642537,0.139833
2012,2013,6,0.11309384,0.11333764,0.05666069,0.01863851,-0.02520668,0.17045058,0.13956549,0.11912126,0.23354775,0.21401948,0.3005742,0.21966881,0.12068838,0.14511945,0.2974765,0.28313554,0.24306153,0.12203667,0.11854866,0.14406182,0.32285896,0.24370804,0.18091787
2013,2013,7,0.20390913,0.1102429,0.10309303,0.0460179,0.07205321,0.17880147,0.26485639,0.13570568,0.26091447,0.31896596,0.30523022,0.18487625,0.23214668,0.1065688,0.39560488,0.14214837,0.33623672,0.25570883,0.12898161,0.15847894,0.29351919,0.35361203,0.2320789
2013,2013,8,-0.08783884,0.12394369,0.04753021,-0.05633319,-0.0281594,-0.00381297,-0.09783531,-0.05783592,0.07246251,0.11016606,0.05732578,0.02819959,-0.08746431,-0.0304633,0.05940384,0.08000733,0.07881809,-0.13776686,-0.02862658,0.0361961,0.07894487,0.07555571,0.12339942
2013,2013,9,0.11193607,-0.03169093,-0.0211259,-0.03778609,0.03704043,0.05825229,0.11344337,0.10438945,0.05777133,0.07666111,0.09309061,0.09395872,0.12427177,0.13945151,0.08148064,0.09341938,0.07887214,0.11093036,0.11797473,0.15372224,0.07197975,0.06903821,0.10886288
2013,2013,10,0.12320381,-0.0436117,-0.02670951,-0.04079366,0.07205715,0.02137132,0.15809518,0.09309571,0.06572239,0.07311282,0.03957398,0.11281248,0.14615181,0.0743797,0.07834373,0.09842343,0.05092215,0.14426536,0.08165769,0.13496227,0.06014525,0.03987984,0.06816259
2013,2013,11,0.10837408,0.06306166,0.03398378,-0.13645247,-0.24451767,0.4443122,0.05496539,0.17119872,0.27320212,0.1735136,0.24974003,0.17354677,0.10511453,0.20607496,0.21407973,0.21454441,0.21556844,0.07684485,0.05744386,0.2205405,0.25869116,0.18422447,0.29403278
2013,2013,12,0.1523987,0.10949422,-0.13142078,-0.11990147,0.00467498,0.15909152,0.19358178,0.09172417,0.24965258,0.22451227,0.21813133,-0.00467381,0.17937917,0.11658512,0.1971426,0.27593116,0.19601834,0.2073076,0.03358979,0.1139187,0.2138107,0.1706395,0.33011353
2013,2014,1,-0.10861982,0.04479818,-0.00233905,-0.05855748,-0.05912729,-0.11479933,-0.1112613,-0.04950426,0.07992248,-0.04187013,-0.11626729,-0.09592937,-0.10510285,-0.03597205,-0.03404752,-0.02019593,-0.05595504,-0.13059907,-0.01916411,-0.04978472,-0.07495661,-0.09664948,0.05108609
2013,2014,2,-0.07382911,-0.01061566,0.02028454,0.03078253,0.02719829,-0.04748292,-0.07464167,-0.02069292,-0.09978664,-0.0182313,-0.06055922,-0.0191302,-0.06559505,-0.0470336,-0.05334174,-0.04744599,-0.04775223,-0.07296333,-0.03451856,-0.04039645,-0.05158289,-0.04180421,-0.09749138
2013,2014,3,-0.06758093,0.01698882,0.05459667,0.01059213,-0.05215163,0.01474992,-0.08270486,0.00630092,-0.01247722,-0.0193257,-0.01702516,0.02012404,-0.06491232,-0.01522215,0.00295684,-0.02120015,-0.01079436,-0.06464917,-0.04447357,-0.04028027,-0.03559104,0.01033313,-0.01504443
2013,2014,4,-0.02753458,-0.03871092,0.0203278,0.01295365,-0.02855377,-0.02976454,-0.02023708,0.01836158,-0.01116645,-0.07780145,-0.03081932,-0.00476839,-0.02095034,0.02531516,-0.04604076,-0.07051441,-0.03432846,-0.02666902,-0.00171765,0.00487118,-0.02366913,-0.03856066,-0.07105679
2013,2014,5,-0.07198381,0.02562007,0.03046313,-0.023202,-0.08279841,0.01316712,-0.07795414,-0.03658072,0.04794361,-0.02653195,-0.056412,-0.03516875,-0.06448651,-0.03348549,0.0015719,-0.03003661,-0.03274305,-0.07130296,-0.01821381,-0.04810682,-0.05322679,-0.03420679,0.04209022
2013,2014,6,-0.06418413,-0.00522133,-0.01717389,0.05787382,0.04418883,-0.09191855,-0.04129838,-0.07666663,-0.10861594,-0.07085843,-0.04319186,-0.05833481,-0.04676374,-0.08417995,-0.0673073,-0.0445306,-0.06877591,-0.03224334,-0.03709085,-0.09367654,-0.05186614,-0.04742831,-0.10659026
2014,2014,7,0.18641308,-0.09223029,-0.05603,-0.01943513,-0.00444594,0.04687213,0.06040486,0.2517785,0.04597042,0.02354582,0.07102187,0.09796898,0.22520044,0.07822056,0.05439681,0.03922536,0.0523484,0.29093858,0.10302111,0.12160251,0.04444701,0.04734527,0.06763413
2014,2014,8,-0.05783414,0.04657666,0.02476737,-0.04165394,0.0078478,-0.01258476,-0.00755585,-0.06016031,0.00739301,0.0180597,0.01195879,-0.04868026,-0.0513895,-0.00767184,0.0296622,-0.0171633,0.0085402,-0.08272101,-0.02364397,-0.01183971,0.03283292,-0.02492221,0.04658141
2014,2014,9,-0.05326019,0.07572717,0.03508388,0.03514798,0.00155883,0.00198657,-0.02483253,-0.05220409,0.02632974,0.05626649,0.05979229,-0.01023066,-0.04848824,-0.02448734,0.06293846,0.03102828,0.05771305,-0.06004225,0.01422919,-0.03448029,0.04944063,0.06053621,0.03894973
2014,2014,10,0.00752342,0.01747195,0.01782228,-0.0716691,-0.05295728,0.08560232,0.01891043,0.01148249,0.06506975,0.02584708,0.04148465,0.05875358,0.01517214,0.01519606,0.03258893,0.04052582,0.04906746,0.00473083,0.00648057,0.03824011,0.06224102,-0.00829365,0.103285
2014,2014,11,0.00471989,0.01336643,-0.0023097,0.0021989,-0.10338817,0.05446315,-0.05238194,0.02762044,0.06179473,-0.03813652,0.02559006,-0.05837422,0.02901039,-0.03127643,0.0411773,-0.04158792,0.0149576,0.06036107,-0.01192294,-0.02764775,0.00621401,0.01440669,0.0257337
2014,2014,12,-0.07244438,0.01256527,-0.03100564,0.0136905,0.05373952,-0.06662515,-0.04155756,-0.06452816,-0.09824827,-0.01583682,-0.04791453,-0.05080149,-0.06512965,-0.03364573,-0.04737401,0.02896543,-0.06843685,-0.05772067,-0.05531902,-0.06594772,-0.07501741,-0.02378647,-0.04053877
2014,2015,1,-0.09226172,-0.017757,-0.02111675,-0.00614301,0.04647848,-0.07976154,-0.03986987,-0.09014215,-0.12925959,-0.0761943,-0.09347201,-0.08215466,-0.08409251,-0.04426243,-0.07664697,-0.03247561,-0.12304196,-0.10897444,-0.0873211,-0.04607624,-0.1159588,-0.07322993,-0.10218877
2014,2015,2,-0.04718739,0.02054306,-0.02033961,-0.0202684,-0.04726634,0.00362803,-0.05330216,-0.03591043,0.00504152,-0.03256097,-0.01081343,-0.02100263,-0.03768884,-0.0324294,-0.03511729,0.02224813,-0.01382161,-0.03277015,-0.02330246,-0.04199455,-0.00830893,-0.03789065,0.02133823
2014,2015,3,0.06758679,-0.05276925,0.02365703,-0.06915791,-0.02135928,0.04036876,0.04029444,0.09476554,0.02785805,-0.01478619,0.01618809,0.04843829,0.08675737,0.05519817,0.03829826,-0.04733488,0.01151179,0.07466153,-0.02074003,0.11251392,0.01412544,0.00320617,0.00826804
2014,2015,4,-0.02364036,0.01762377,0.00406953,0.01247215,0.00994661,-0.00840903,-0.01190716,-0.01259544,0.00232734,0.02571869,-0.00971652,-0.00327902,-0.01140046,-0.02436043,0.02464695,0.02462933,-0.01727212,-0.00216075,-0.012418,-0.02348177,0.02356771,-0.00570949,-0.01959001
2014,2015,5,-0.00630142,-0.0043401,-0.06085425,0.05316757,0.0194803,-0.06548149,-0.0239612,0.02139718,-0.02281767,-0.02537735,0.0035486,-0.05395306,0.01436573,-0.01230842,-0.02885236,0.02453735,-0.01191755,0.02320478,0.05798173,-0.02815046,-0.00054244,-0.01217085,-0.0323738
2014,2015,6,-0.04983903,0.01657185,0.01484905,-0.02229211,0.02459912,0.02828171,0.02720564,-0.06244037,-0.02558831,0.02468599,-0.00925446,-0.00484347,-0.04831926,0.01004629,0.01775757,0.03153526,-0.02786503,-0.10395476,-0.03365412,0.03491168,-0.00884917,0.00896984,-0.01501174
2015,2015,7,-0.00866308,0.00941445,0.03921038,-0.01348291,-0.04659471,0.06934542,0.03033889,-0.03282743,0.05939385,0.00521095,0.0180651,0.01983731,-0.00427358,0.02114676,0.03979167,-0.0145182,0.03020347,-0.01709297,0.02217774,0.02602279,0.02453469,0.01680134,0.0399221
2015,2015,8,-0.08678235,0.02376375,0.02103364,-0.00505669,0.01006731,-0.05058441,-0.02694617,-0.11536439,-0.02983085,-0.03333447,-0.06410237,-0.06105209,-0.08422732,-0.04804253,-0.02205947,-0.04095152,-0.04649778,-0.11509133,-0.04553551,-0.02862397,-0.07261796,-0.02270068,-0.02949885
2015,2015,9,-0.05765165,0.00303397,0.01794896,-0.00277824,-0.00556774,-0.03770016,-0.03248505,-0.05723066,-0.01188381,-0.02823439,-0.07449327,-0.07152671,-0.04253565,-0.04858396,-0.02147819,-0.08636716,-0.03859437,-0.06353452,-0.02863467,-0.02598027,-0.0650152,-0.02887082,-0.02596874
2015,2015,10,0.06142763,-0.06113538,-0.00314094,-0.00501425,0.02445375,0.01298546,0.05326231,0.10451776,0.00639781,0.01502847,-0.02510308,0.03942362,0.08212958,0.05880368,0.00677161,-0.02965247,0.00461593,0.1025694,0.02412669,0.04799663,-0.02248262,0.01693126,0.00308982
2015,2015,11,-0.04232344,0.04889626,-0.00369667,0.01779145,0.00909599,-0.04298044,0.00039878,-0.04938578,0.03550771,0.01032047,0.03532548,-0.00144318,-0.0406998,-0.00907845,0.00366237,0.05031233,0.02596194,-0.06309861,-0.0080549,0.00709454,0.02522337,0.04861857,-0.00211377
2015,2015,12,-0.03993797,0.01306838,-0.00545389,-0.00651994,-0.00550434,-0.02713741,-0.01557551,-0.03712459,-0.00641021,-0.02898079,-0.00844517,-0.02367676,-0.03078494,-0.02147022,-0.02388612,-0.00587016,-0.01267333,-0.0335453,-0.04133025,-0.01733087,-0.02278547,-0.00517486,-0.01613436
2015,2016,1,0.15572452,0.03186164,-0.00692228,-0.09689151,-0.02917906,0.22602309,0.16674808,0.15100824,0.16006156,0.16097845,0.27021875,0.16393114,0.16271018,0.183218,0.17305223,0.18811774,0.20950685,0.18727863,0.0707709,0.16614116,0.26454296,0.11984647,0.21825922
2015,2016,2,0.01059155,0.03779622,0.03496525,0.01603055,-0.00808762,0.09805907,0.01724486,0.00283787,0.04872383,0.11336278,0.07266161,0.09923072,-0.00566107,0.08800927,0.07954398,0.11450526,0.06660946,0.00352722,0.06643577,0.03378521,0.05782687,0.09490581,0.09549528
2015,2016,3,0.15627817,-0.10232621,-0.05851258,-0.01829958,-0.00013566,0.05579909,0.01775301,0.30269693,0.00137599,0.03915074,-0.00895008,0.10954849,0.22688734,-0.00594646,0.02241813,0.02210444,0.00109551,0.312552,0.02004729,0.01083767,-0.02388143,0.01505869,0.06086746
2015,2016,4,-0.00328678,0.0492707,-0.01543892,0.00269378,-0.04614612,-0.0363512,-0.03944448,0.0516508,0.10074704,0.01154809,0.02295039,-0.03106954,0.02702818,-0.04701279,0.02211903,-0.00510086,0.07726173,0.04861667,-0.02712911,-0.0412567,0.07296433,0.01861917,0.02735919
2015,2016,5,-0.06398957,0.07536203,0.01950173,-0.00609572,0.01488864,-0.04335763,-0.02206517,-0.07649229,0.02164828,0.03013309,0.04427999,-0.04273513,-0.06628768,-0.01199022,0.03100357,0.01555266,0.03255247,-0.07804002,-0.03796278,-0.02242079,0.02226386,0.04141159,0.03806103
2015,2016,6,-0.00321491,-0.01386682,-0.00825831,0.08325548,-0.01189331,-0.03178707,-0.06487083,0.06883675,-0.02655276,-0.01725563,-0.00678808,-0.02499708,0.02859965,-0.04777941,-0.00827065,-0.04535077,-0.00441219,0.05178979,0.04495589,-0.06287823,-0.03033268,0.01735383,-0.04132301
2016,2016,7,0.01503509,-0.00433385,0.05012529,-0.01973677,-0.01096138,0.02490179,0.0169797,0.03047793,0.02113883,0.00713814,0.04720331,0.09201635,0.02336225,0.01649445,0.03913135,0.00753488,0.02050646,0.03243868,0.0276917,0.01261923,0.02034592,0.01021625,0.06476225
2016,2016,8,9.858e-05,0.02593518,-0.03866111,0.01151684,-0.01975632,0.01615102,-0.00469215,0.01638325,0.05004079,0.03137132,0.01290435,-0.00172054,0.01473524,0.00611231,0.02486975,0.08573619,0.02302228,0.00997056,0.04181624,-0.00288663,0.0210091,0.02933148,0.05100068
2016,2016,9,0.00927197,0.05801285,-0.02731504,-0.0138633,0.01041846,-0.01891805,0.00950661,0.03389305,0.06519949,0.05761175,0.0846541,0.01197736,0.03224139,-0.01286806,0.03923991,0.07360596,0.08102971,0.03359117,0.01588496,-0.00599643,0.0845202,0.04297925,0.09258724
2016,2016,10,0.08038908,-0.02756829,-0.01966514,-0.00043855,-0.02767693,0.06233742,0.0216861,0.13416807,0.04189496,0.02719242,0.05270847,0.0544238,0.11722701,0.04376943,0.08184844,0.05837551,0.01840509,0.11543884,0.06335215,0.04453596,0.04271313,0.03299642,0.0526897
2016,2016,11,0.10056133,-0.03364172,-0.05318201,0.01200369,-0.04164187,-0.00071809,-0.03743275,0.19815255,0.04143197,-0.0051371,0.0526801,0.01055622,0.16768878,-0.01544723,0.03939006,-0.01137848,0.03084583,0.1891636,0.00434261,0.01144542,0.05068027,0.0287866,-0.00232358
2016,2016,12,-0.0194702,-0.02387358,-0.01449963,0.06525145,0.00787122,0.01919049,-0.0002591,-0.01741023,-0.01589778,0.01929425,-0.06352919,-0.0127184,-0.00870864,-0.00214602,-0.0326778,-0.0076883,-0.02360416,-0.02167351,0.052785,-0.01353454,-0.00444961,-0.01330061,-0.07748397
2016,2017,1,-0.00635919,0.03619284,-0.05976774,0.02317212,-0.01832736,-0.01419522,-0.03062184,0.02377364,0.04503777,0.02480966,0.0185934,0.0013176,0.01755028,-0.03152215,0.00485413,0.10815693,0.02182045,0.0205345,0.00025218,-0.02479092,0.10394551,-0.00894151,-0.03024266
2016,2017,2,-0.03412522,0.02305009,-0.00479343,0.0021646,0.01616755,0.00564373,0.00013766,-0.0383829,0.00286513,0.04070629,-0.00937221,0.00947603,-0.03087473,-0.01142281,-0.00794931,0.04198831,0.01353541,-0.04169145,0.02118178,-0.00725314,0.03330311,-0.01245874,0.01164697
2016,2017,3,-0.02102045,0.04514474,-0.04475781,-0.02070575,0.01501005,-0.00734975,0.00800898,-0.0166268,0.02672197,0.04138334,0.03396175,0.00418786,-0.01554667,0.00312488,0.00832426,0.11757442,0.03322714,-0.01914811,0.00319189,0.00418487,0.05884503,0.00493668,0.0453552
2016,2017,4,-0.02359403,0.15986605,-0.05051001,-0.06402334,0.00106928,0.0049372,0.03262719,-0.03438042,0.1543231,0.12877167,0.16610001,0.00044639,-0.03188906,0.03757218,0.12347519,0.25683066,0.14412068,-0.0406695,0.00040336,0.0402807,0.16315127,0.11159027,0.1997596
2016,2017,5,0.01080462,-0.03391082,0.02648275,0.0513684,0.0086312,0.01772045,0.01603878,0.02659226,-0.0073898,0.01155428,-0.02878602,0.02155077,0.02474788,0.01821028,-0.00172335,-0.05788597,-0.00909329,0.04058081,0.04031879,-0.02978806,-0.02038421,0.00855646,-0.02407348
2016,2017,6,-0.02235596,-0.00241308,0.0076676,0.0008137,0.02270386,-0.06166628,-0.01682375,0.00316172,-0.02631416,-0.02574897,-0.0108031,-0.00572559,-0.00839522,-0.01835933,-0.0154146,-0.02808018,-0.02443648,0.00572304,-0.04343616,-0.02877565,-0.03050112,-0.00921422,-0.02550212
2017,2017,7,0.04659664,0.00612283,0.04010342,0.0340502,0.06600055,-0.01279771,0.10415722,0.02199109,0.01104143,0.0260876,0.10555235,0.11715316,0.06974116,0.0057002,0.09453925,0.0617444,0.04530651,0.05105148,0.1010702,-0.01233419,0.0805799,0.01534133,0.06064532
2017,2017,8,0.00812791,-0.03914392,0.04866347,0.00312813,-0.00853696,0.03725785,0.02668252,-0.00067623,-7.4e-07,-0.00649931,-0.04082937,0.05592155,0.01570401,0.0230434,0.01023533,-0.04687408,-0.02146526,0.00974591,0.03133082,0.00701784,-0.02505215,-0.01691936,0.00113736
2017,2017,9,-0.00508793,-0.0086127,0.02495039,-0.04971159,-0.01568491,0.00166614,-0.00354556,0.02796955,0.0225326,-0.00362551,-0.00071614,0.02331086,-0.00669444,0.04019034,-0.00243887,-0.02233435,0.00631028,0.00047053,-0.00901574,0.0372552,-0.02415118,0.00268174,0.05583398
2017,2017,10,0.00862522,-0.07444677,0.01746893,0.0421799,0.04821103,-0.02999806,0.0374409,0.02601518,-0.0696564,-0.04067331,-0.05139707,0.04680703,0.01744776,0.02575879,-0.05962087,-0.06519946,-0.04022492,0.01063527,0.03878984,-0.00214928,-0.03217948,-0.04845064,-0.09187133
2017,2017,11,0.0277213,-0.03962702,0.05579374,0.01178193,0.00658847,0.01516079,0.04663191,0.04395654,0.02879322,0.01049904,-0.02220879,0.07214059,0.04380133,0.01871482,0.018796,-0.06445221,0.00634889,0.02059505,0.05197858,0.02957045,0.01401585,-0.00236468,-0.00352042
2017,2017,12,0.00870674,-0.06657319,0.05073896,-0.003513,0.00963208,0.04170738,0.01707055,0.01708983,-0.06041645,-0.01651547,-0.03630304,0.05339127,0.0085915,0.04847654,-0.02686378,-0.08354192,-0.02399521,-0.00761081,0.01193006,0.05336662,-0.04981429,-0.01164253,-0.04605309
2017,2018,1,0.11072857,-0.06598466,-0.02187101,0.06743867,0.05977083,0.05020494,0.19776774,0.03872998,0.04183166,0.01381053,0.00625693,0.02480345,0.16996286,0.02579188,0.05534482,-0.04607257,0.01880213,-0.01647073,0.21706303,0.03805321,0.03409287,-0.0080772,0.03605528
2017,2018,2,-0.03145426,0.0097456,0.0085904,-0.03660053,-0.01210126,0.00758049,-0.03782578,-0.00555848,-0.02154084,-0.00033709,0.00021741,0.01411606,-0.02770878,-0.00938686,-0.00202957,0.02261446,-0.01732932,-0.00369319,-0.03382113,-0.00453936,-0.03241754,-0.0031117,0.04080759
2017,2018,3,-0.03671061,-0.00293314,0.0307718,0.0126892,-0.01152937,0.0036749,-0.0461865,-0.00570091,-0.04613432,-0.01933166,0.01490506,-0.00230714,-0.03609632,-0.00101642,-0.01102547,-0.03877989,-0.01489521,-0.01726207,-0.03331042,-0.01528924,0.01045483,-0.01584306,-0.05924265
2017,2018,4,-0.10179073,0.03374037,0.01904352,-0.00479004,-0.04039679,-0.0546795,-0.12041117,-0.06146209,-0.03007337,-0.04513528,-0.04037973,-0.03742948,-0.11094983,-0.0520832,-0.06021719,-0.02478387,-0.02853444,-0.04993159,-0.12151417,-0.05921532,-0.03811611,-0.02202712,-0.07474587
2017,2018,5,0.0074739,0.04207851,-0.00726573,-0.00398967,0.00133698,-0.01221969,0.02294454,0.03148102,0.07738992,0.04489965,0.04559549,0.03678704,0.02108039,0.00446984,0.07062377,0.10086187,0.03833399,0.06305091,0.03198576,-0.02242793,0.04904711,0.03335682,0.09574984
2017,2018,6,0.17801052,-0.12756398,0.05492169,-0.00413726,0.01612375,0.18221707,0.18972687,0.20462197,0.06298759,0.08772529,0.04849549,0.21060963,0.19398193,0.18178743,0.09581637,0.00260068,0.05825771,0.14310823,0.19663471,0.2040257,0.07426426,0.0638034,0.06468693
2018,2018,7,-0.01634867,-0.04137565,0.09363683,0.00210885,-0.02252717,0.05999807,-0.02046457,0.00707439,-0.04897245,-0.01356415,-0.00310468,0.10492351,-0.04557897,0.08264705,0.0188679,-0.01790328,-0.03850211,0.00821633,-0.02439713,0.0306262,-0.03119692,0.01214039,-0.04710065
2018,2018,8,0.29702828,-0.13206202,-0.11607817,0.13696386,0.0497956,0.20837505,0.40794858,0.11154014,0.16375013,0.0637678,0.10507237,0.09566544,0.3752343,0.19080254,0.12026844,0.07285592,0.1119877,0.20858602,0.42943023,0.12769313,0.12633047,0.08743754,0.11524692
2018,2018,9,0.46979258,0.17117172,-0.00531763,-0.02150272,-0.03713297,0.45470279,0.46435205,0.52826441,0.68868666,0.60477145,0.64726745,0.44523124,0.5055183,0.40238733,0.6497716,0.6001198,0.64265568,0.44942274,0.48065777,0.49824579,0.68096878,0.61483453,0.64025195
2018,2018,10,-0.10007606,-0.11291928,0.02561915,0.02018606,0.02107323,-0.10590244,-0.0798746,-0.09613884,-0.2162413,-0.20012269,-0.17626485,-0.05558832,-0.09252974,-0.08452758,-0.18990202,-0.20419889,-0.19643641,-0.07667028,-0.09815369,-0.06952763,-0.20286798,-0.16007713,-0.22907532
2018,2018,11,-0.12832889,0.11725059,-0.03618835,0.00899771,-0.00982352,-0.12300948,-0.11449361,-0.12559767,0.0337318,0.0055689,-0.0335448,-0.10942803,-0.12366133,-0.10370504,-0.03982727,0.04678273,-0.00359048,-0.08807186,-0.11722562,-0.14285016,-0.00826776,-0.00063485,0.00699427
2018,2018,12,-0.01805021,0.04736429,-0.01658518,-0.00863284,0.02859645,-0.004112,-0.01184923,0.00434976,0.00583767,0.0707678,0.03065901,-0.02404264,0.00149842,-0.02870743,0.04636287,0.05399218,0.03282968,0.00533447,-0.01496994,0.00166559,0.01394995,0.05020814,0.05083828
2018,2019,1,-0.01373464,0.10742382,-0.02618982,0.02552284,-0.04619618,-0.01169012,0.00306762,-0.01606117,0.14792481,0.04077473,0.10131842,-0.00917823,0.00697153,-0.03542253,0.08192297,0.11815284,0.10266345,0.0083691,0.0126483,-0.0474181,0.10384298,0.08623992,0.09526063
2018,2019,2,0.04555199,-0.01920794,-0.00308921,0.00170936,0.04433555,0.03545558,0.07590943,0.02111553,0.00318638,0.05140363,0.02783032,0.09175902,0.06236021,0.03017497,0.00527724,0.04085447,0.03606057,-0.01210276,0.09425738,0.02888636,0.02146176,0.00345877,0.06541107
2018,2019,3,0.16649118,0.06011161,-0.11639015,0.02476611,0.07296177,0.13088262,0.20178289,0.13631093,0.15837514,0.23339841,0.22325395,0.1331289,0.1997469,0.12106723,0.17457995,0.34074225,0.17959345,0.12263445,0.21428317,0.1370228,0.19716596,0.20151355,0.22924171
2018,2019,4,0.11762345,0.11399088,0.02840809,-0.08722707,-0.1132904,0.20739844,0.0958779,0.17162489,0.32712479,0.21206452,0.28293189,0.17330314,0.10902448,0.16577991,0.25710096,0.26456345,0.26863261,0.24553489,0.06641155,0.1738863,0.29166967,0.23184608,0.29882546
2018,2019,5,0.06565089,0.16960462,-0.05555333,0.06805239,0.02406429,0.02686755,0.10653554,0.01747729,0.20215301,0.1706136,0.28245676,0.01517608,0.10152312,0.01278594,0.17636544,0.20112506,0.25432772,0.02679283,0.13515047,-0.02056872,0.2825634,0.17948113,0.19909553
2018,2019,6,0.0652188,0.07275583,-0.00629041,-0.06709221,0.00754765,0.09449907,0.06099209,0.11384757,0.13542017,0.18402245,0.16172534,0.13288865,0.069219,0.08595977,0.15611028,0.23236075,0.14272354,0.13861099,0.04090731,0.11462964,0.12903118,0.15225037,0.21271246
2019,2019,7,-0.00821082,0.0715559,-0.05742871,-0.08439747,-0.07540392,0.08193143,-0.02911425,0.03567397,0.09249039,0.05272823,0.0938891,-0.0206402,-0.0071632,0.05289951,0.06324612,0.16462655,0.0668867,-0.00941453,-0.01021698,0.05937754,0.08371455,0.04027715,0.13947758
2019,2019,8,0.10198438,0.15061579,0.01732892,-0.0468011,-0.13787413,0.29010399,0.03191001,0.18741388,0.31100992,0.29345564,0.28692271,0.08160162,0.1130313,0.11843517,0.25747426,0.19138675,0.35990236,0.06753585,0.15170059,0.21451889,0.26949367,0.30568208,0.33646598
2019,2019,9,0.12349989,0.11132518,0.04237961,-0.01820425,-0.0629625,0.19504486,0.11234872,0.15307319,0.2684386,0.22520975,0.28258343,0.1117602,0.13591041,0.13628804,0.284594,0.17568458,0.27516435,0.12213351,0.11719669,0.19080309,0.27252731,0.26474059,0.22754268
2019,2019,10,-0.09979847,-0.05652523,0.05410663,0.03321601,0.03472351,-0.11531807,-0.08445226,-0.0740967,-0.14734931,-0.10876809,-0.15366362,-0.04553252,-0.10427784,-0.03908198,-0.10414305,-0.15361099,-0.15649648,-0.0797217,-0.07595337,-0.10914111,-0.1530093,-0.11300875,-0.14625304
2019,2019,11,0.04382192,0.08741275,-0.07551693,-0.03301283,-0.02313536,0.0921497,0.05210883,0.04983396,0.14435156,0.1381217,0.12584308,-0.0131563,0.08192809,0.00392877,0.08083012,0.13677959,0.16775673,0.06442445,0.00416812,0.08009009,0.12742832,0.14548784,0.13559154
2019,2019,12,0.2075678,0.03196012,-0.07207172,-0.1129013,-0.04039169,0.24652612,0.21402862,0.22390756,0.26345219,0.21516631,0.25794179,0.21320985,0.22491103,0.21167547,0.19588234,0.32832459,0.25191909,0.2361783,0.15042104,0.24132601,0.30781815,0.1472115,0.28210913
2019,2020,1,0.1968509,0.00625989,-0.17419009,-0.05330889,0.04854245,0.13678735,0.28353409,0.10967073,0.18323994,0.13357811,0.15112581,-0.01321881,0.27218526,0.11746163,0.17057561,0.23355172,0.1168385,0.26887938,0.10794392,0.13541896,0.1551942,0.12587741,0.20502016
2019,2020,2,0.07550656,0.08389652,0.00343263,0.02723344,-0.08621399,0.17407776,0.0667415,0.09259384,0.18987818,0.12478646,0.22681751,0.16145093,0.06985122,0.10919505,0.1702954,0.25502986,0.17422421,0.08414061,0.14504446,0.04282863,0.18496005,0.16362603,0.21137498
2019,2020,3,0.05004038,0.07165382,-0.05158842,-0.09176323,-0.10973644,0.12344113,0.01965132,0.11678393,0.21308496,0.09740188,0.13104217,0.02584719,0.07203555,0.0476148,0.09127953,0.148268,0.17980649,0.02303484,0.08398796,0.16234189,0.15450286,0.09953229,0.20470482
2019,2020,4,0.63247489,-0.32707393,0.10477742,-0.10187952,0.054425,0.60495901,0.61931848,0.73173633,0.30613901,0.40062954,0.29554424,0.73089133,0.61807967,0.73206263,0.38230846,0.28556528,0.31885003,0.69242156,0.51002962,0.6656557,0.39083205,0.26674372,0.31487667
2019,2020,5,0.26740801,-0.09717765,-0.1426579,-0.01585148,0.16525318,0.10228912,0.49025223,-0.01805057,0.11490129,0.05744453,0.03553424,0.10318018,0.39637869,0.00560967,0.10502717,0.09714446,0.06419893,0.45643739,0.06263085,-0.02801274,0.09163708,0.00394087,0.12628742
2019,2020,6,0.83924966,-0.34350288,-0.04319968,0.01624798,0.32611623,0.53114711,1.08362194,0.58026198,0.38057867,0.4803363,0.33904554,0.67660086,0.98310641,0.55575049,0.47971806,0.25961187,0.36340244,1.06451371,0.51396296,0.57654425,0.38866847,0.43884985,0.34377259
2020,2020,7,0.4361505,-0.28729674,-0.13000079,-0.26667786,0.20901586,0.22895581,0.62181646,0.11706719,-0.02887479,-0.00370371,0.10490055,0.35507652,0.54681042,0.20258784,0.0015154,0.06978309,0.03659044,0.18990004,0.02483187,0.57592732,0.01215212,0.05133973,0.0336
2020,2020,8,-0.21650569,0.03744712,0.08409439,0.06676226,-0.0467576,-0.10644827,-0.258568,-0.10492147,-0.15080139,-0.09219687,-0.11399656,-0.09680209,-0.25013329,-0.09017962,-0.11106136,-0.12591894,-0.11639256,-0.1356114,-0.13509324,-0.22874258,-0.1149178,-0.10215761,-0.14203279
2020,2020,9,-0.25878822,0.02198466,0.07976782,0.13726195,-0.1693845,-0.02373642,-0.3417902,-0.11019049,-0.13488337,-0.15559859,-0.14540642,-0.16481245,-0.30482017,-0.08431233,-0.11300127,-0.13252918,-0.18773767,-0.14994251,-0.02228525,-0.298388,-0.15468824,-0.140075,-0.13849615
2020,2020,10,-0.01824145,0.05758408,-0.11103187,-0.0764052,0.16319315,-0.22383116,0.1354586,-0.27619044,-0.01789554,-0.05079901,-0.05668866,-0.125547,0.08592325,-0.25866873,-0.05632006,-0.04572656,-0.03058493,-0.17715573,-0.1109645,0.04816923,-0.0548593,-0.03267617,-0.03899949
2020,2020,11,0.11530317,-0.05311348,0.05924962,0.0748214,0.04249116,0.06970289,0.13553996,0.15243424,0.08830318,0.10744844,0.07903965,0.1947058,0.12591847,0.12197666,0.13759133,0.08787942,0.08445146,0.15817326,0.24043253,0.10873857,0.16066514,0.05108562,0.03313679
2020,2020,12,-0.39378282,0.31201686,0.13102212,0.23824297,-0.25373443,-0.03846242,-0.58964827,-0.02015016,0.04361624,0.08733323,0.12078777,-0.24658071,-0.50535598,-0.05639264,0.07179542,0.06852646,0.13704104,-0.00474919,-0.03404587,-0.52074395,0.09211605,0.08029711,0.09050925
2020,2021,1,-0.24712553,0.09729651,0.07071462,0.06046052,-0.09967976,-0.1252385,-0.29988983,-0.11912226,-0.04380814,-0.06851632,-0.12104235,-0.11397914,-0.28224213,-0.12572711,-0.09087845,-0.0640447,-0.09947371,-0.11874516,-0.13105955,-0.27607079,-0.11583541,-0.06844851,-0.04435831
2020,2021,2,-0.12014639,0.08996953,-0.01054706,0.01603726,-0.07411973,-0.05510126,-0.12839195,-0.08349066,0.03812449,-0.03682428,0.01082326,-0.02396305,-0.12234258,-0.09294185,-0.02959559,0.08987806,-0.01755727,-0.0254775,-0.07520732,-0.13098872,-0.00770451,0.00048492,0.0241918
2020,2021,3,0.00826918,-0.05295037,0.0260013,0.01678917,-0.04206876,0.03932801,-0.01603943,0.12641033,0.02236641,-0.00640367,-0.01762678,0.02720127,-0.00855355,0.1236085,0.01759163,0.00134384,-0.0214911,0.09913934,0.08239099,-0.00226337,-0.00046656,-0.02586053,0.0252155
2020,2021,4,-0.12251209,0.06744764,-0.03135673,0.00206523,-0.0224959,-0.08057468,-0.12322561,-0.08945566,-0.0253878,-0.02772866,-0.05298523,-0.14448362,-0.10990405,-0.09910407,-0.03659282,-0.00845894,-0.05612099,-0.06385917,-0.0893118,-0.12271807,-0.03187224,-0.05286856,-0.02359276
2020,2021,5,-0.22162057,0.01401058,0.08983465,0.04726664,-0.13606581,-0.10735299,-0.27356268,-0.08393383,-0.07998371,-0.18590564,-0.13518919,-0.06797381,-0.261048,-0.08648896,-0.13234778,-0.11894289,-0.15004325,-0.13406278,-0.06589506,-0.24487871,-0.13060503,-0.17526725,-0.09081689
2020,2021,6,0.07235186,-0.17242485,0.11646571,0.05841851,-0.01780656,0.11729544,0.07417161,0.11436565,-0.03699521,-0.0294845,-0.1123488,0.15849674,0.06625018,0.14206635,0.01023053,-0.13045432,-0.07239648,0.1153884,0.10892902,0.0804553,-0.06299662,-0.02579811,-0.11416142
2021,2021,7,0.08340678,-0.06302353,0.0220336,0.04960879,0.04347101,0.08178532,0.15841436,0.08435407,0.04372635,0.05403932,0.02420584,0.0882165,0.13378979,0.07188162,0.10013073,0.01049023,0.0215339,0.097492,0.11687068,0.09159551,0.04013948,0.06843233,-0.00551008
2021,2021,8,0.06638701,0.01478476,0.00338,-0.03466635,-0.02913433,0.09207202,0.0943216,0.06326832,0.12142449,0.06090625,0.1145318,0.11262445,0.03612684,0.11091236,0.05629583,0.12603343,0.10627808,0.06421599,0.09898084,0.09098194,0.09852517,0.06762028,0.14495189
2021,2021,9,-0.0577851,-0.04051117,0.02422396,0.08719149,0.00907502,-0.04240976,-0.06145124,-0.03337477,-0.10794895,-0.07075743,-0.07190363,-0.05710863,-0.03600062,-0.04489249,-0.05607816,-0.12563408,-0.0641329,-0.04555989,0.03785222,-0.08952696,-0.11451778,-0.03954798,-0.08655177
2021,2021,10,-0.118995,-0.0908273,0.04325149,0.03750497,-0.05027256,-0.07451741,-0.16245621,-0.09186869,-0.19658896,-0.20919528,-0.1914641,-0.10043485,-0.14998153,-0.05781214,-0.15359155,-0.19054786,-0.2340318,-0.07354612,-0.10046162,-0.14535653,-0.21247957,-0.17793332,-0.20804834
2021,2021,11,-0.01567171,-0.01190788,-0.01030563,-0.03682688,-0.00208661,-0.00389703,0.03376184,-0.01494958,0.00611356,-0.03571854,0.00117832,-0.03318319,0.03692561,-0.026854,0.00831851,-0.04117905,-0.00239447,-0.04366211,-0.01201184,0.07032553,-0.00566136,-0.01134454,-0.02002815
2021,2021,12,-0.03475856,-0.04325079,0.02258933,-0.04366101,-0.08608086,0.04056877,-0.09878303,-0.02473805,-0.00711556,-0.03992549,-0.12523476,0.02501284,-0.03823526,-0.01237335,-0.09506034,-0.07699089,-0.03721746,-0.01921888,-0.05959857,0.00722857,-0.07207967,-0.0681324,-0.04763752
2021,2022,1,-0.11008267,-0.05560448,0.04027416,0.02220396,-0.02171835,-0.09690107,-0.08353635,-0.09710801,-0.09444999,-0.15125142,-0.1836595,-0.08077149,-0.11808581,-0.07521866,-0.15289762,-0.19613162,-0.11414995,-0.07717563,-0.09426533,-0.1200366,-0.15464,-0.13886126,-0.1574979
2021,2022,2,-0.04588347,0.0402066,-0.09763778,-0.00220798,-0.0330317,-0.0154886,-0.00731369,-0.05960702,0.04540541,-0.02883292,0.00865368,-0.09360014,-0.0310483,-0.02262647,-0.06546906,0.06725466,0.00426899,-0.04134435,-0.03270205,-0.02183815,0.01991657,-0.00422937,-0.01067732
2021,2022,3,0.06356022,-0.0097898,-0.03804003,-0.01913163,0.01252213,0.0413162,0.07187704,0.10803611,0.07113517,0.06561858,0.05952767,0.02046647,0.10777161,0.06468741,0.06685716,0.05563207,0.06949983,0.05746535,0.04409088,0.13155924,0.09616628,0.06196524,0.01276013
2021,2022,4,0.0898548,0.06456907,-0.06603921,-0.02929918,0.00875632,0.12696498,0.13583895,0.06568086,0.16533621,0.17397488,0.15750409,0.05061083,0.13684584,0.08133194,0.13959961,0.18544302,0.16625797,0.08095495,0.10971015,0.12743857,0.15261381,0.15744956,0.19831949
2021,2022,5,-0.02736564,0.03176329,-0.05615873,0.0012073,-0.03383551,0.00457074,-0.06657884,-0.00349831,-0.00255472,0.00092384,0.0333051,-0.03410098,-0.01918693,-0.00565763,-0.05205836,0.04534505,0.03246906,0.00048292,-0.01762514,-0.03579084,-0.01090952,0.02310652,0.03885761
2021,2022,6,-0.04408814,-0.00528262,-0.01016223,-0.07958197,-0.04934198,-0.0126577,-0.03255656,-0.04090826,0.02210835,-0.05667675,-0.07127054,-0.02178763,-0.02849815,-0.03269038,-0.02465896,0.00237601,-0.08757533,-0.02467626,-0.05527365,-0.02097155,-0.04192778,-0.09240029,0.03246155
2022,2022,7,-0.08816708,-0.05872411,0.07694473,0.0425159,0.08039499,-0.1778111,-0.06443444,-0.045502,-0.15078856,-0.10337523,-0.15071392,-0.01805284,-0.08413095,-0.07200189,-0.08957004,-0.17738138,-0.14551968,-0.04737081,-0.06613196,-0.09767013,-0.16770807,-0.08153631,-0.13502993
2022,2022,8,-0.0370483,0.14246997,-0.05411548,-0.03838662,-0.10841589,0.06890298,-0.05538304,-0.03036353,0.18002912,0.08748337,0.09613914,-0.11458498,-0.03494937,0.00302955,0.09670317,0.12529852,0.11164463,-0.07579913,-0.01102886,0.00486407,0.11185498,0.08344211,0.14432241
2022,2022,9,-0.08779195,0.01036461,-0.0095723,-0.02887559,-0.00056734,-0.07490718,-0.05969606,-0.07961305,-0.05072066,-0.06706645,-0.05885053,-0.07132623,-0.0610744,-0.08094422,-0.07251952,-0.06362674,-0.05778541,-0.07626275,-0.07856883,-0.05967939,-0.06923821,-0.07392241,-0.03506068
2022,2022,10,-0.07956218,-0.04566747,0.01854132,0.00020488,0.00774035,-0.07984995,-0.05622998,-0.06164942,-0.10648725,-0.11462652,-0.10107511,-0.03900878,-0.0918099,-0.04642906,-0.11159622,-0.09587774,-0.11251703,-0.04381665,-0.05261476,-0.09310577,-0.09715139,-0.13813572,-0.09805447
2022,2022,11,0.09760921,0.06138893,-0.02457687,-0.00967719,-0.04875013,0.17033176,0.10236031,0.10248693,0.20279221,0.17326339,0.1605841,0.09622426,0.10663103,0.11753035,0.13330789,0.17205487,0.20809879,0.09234707,0.12367683,0.11444852,0.16280902,0.16852225,0.19710494
2022,2022,12,0.10293419,0.02261363,0.06569826,0.01108411,0.02351644,0.11735751,0.11792002,0.11880758,0.11798122,0.16445158,0.13791467,0.13805951,0.02074939,0.18410404,0.15076184,0.13667544,0.13115512,0.17335959,0.12135656,0.06064829,0.13316274,0.12262125,0.16116131
2022,2023,1,-0.04409852,0.07263865,-0.00346083,0.01665373,-0.03110682,0.01134773,-0.02784017,-0.04291784,0.07042595,0.04740021,0.02566592,-0.03445072,-0.03699097,-0.02449419,0.02999757,0.0394595,0.0467586,-0.02648908,-0.02795938,-0.03705306,0.02442469,0.07349077,0.04927699
2022,2023,2,0.15761088,-0.10569348,0.00746225,0.02989042,0.04974144,0.15483668,0.22452404,0.15135759,0.07067253,0.10046805,0.04694665,0.19133512,0.14344343,0.19901863,0.05078507,0.08375226,0.07291248,0.19673763,0.1839194,0.14778976,0.05826064,0.09078725,0.06713605
2022,2023,3,0.05958172,0.09610433,-0.07465422,-0.05767868,-0.01222954,0.0447326,0.02038355,0.11544244,0.16908621,0.16897619,0.15155935,0.01096187,0.09229238,0.07497135,0.12633047,0.1943084,0.16086985,0.05406256,0.06834765,0.09760883,0.15318297,0.11666629,0.20276248
2022,2023,4,0.19087613,0.12526995,-0.04316918,-0.05029483,-0.12461669,0.3313113,0.17334837,0.18860646,0.39300233,0.30173188,0.32710129,0.1580394,0.25497606,0.17773181,0.32920849,0.31861019,0.35744173,0.19913911,0.18017916,0.23705209,0.34361254,0.30669409,0.35041081
2022,2023,5,-0.10744832,0.03201882,-0.07742414,-0.02550936,-0.01951715,-0.11190203,-0.11857536,-0.06972229,-0.07347022,-0.10583118,-0.02477963,-0.13362333,-0.06647747,-0.09925313,-0.10190341,-0.01420099,-0.07587029,-0.06550769,-0.12132104,-0.07946408,-0.06436842,-0.06320735,-0.05404558
2022,2023,6,-0.07901061,0.03766523,0.04716204,0.02748931,-0.00109508,-0.07857625,-0.05359762,-0.06422613,-0.00378803,-0.03095682,-0.04811623,-0.05195045,-0.08245272,-0.05022917,0.00406336,-0.05975844,-0.02773389,-0.06230887,-0.05402638,-0.074149,-0.06668,0.01764828,-0.01720772
2023,2023,7,-0.11206172,0.03167638,0.02495892,0.03192418,0.00420092,-0.11022633,-0.14213189,-0.05765184,-0.0952072,-0.0548998,-0.0699813,-0.10224326,-0.10468102,-0.08362085,-0.03228288,-0.07976296,-0.08417931,-0.09181785,-0.11232484,-0.08601713,-0.07808152,-0.01053827,-0.10069435
2023,2023,8,0.04242931,-0.05734822,0.0745418,0.00362356,-0.00341238,0.05259143,0.05622774,0.07549582,0.00685457,-0.00360649,0.00857102,0.11421313,0.02296721,0.04784339,0.04270833,-0.01512937,0.000832,0.05327363,0.07300294,0.06852587,0.0132643,-0.00135855,-0.0041286
2023,2023,9,-0.02706185,-0.00081109,-0.02430857,-0.0027643,-0.01573239,-0.00795147,0.00363147,-0.01828944,0.02735997,-0.01568774,-0.02704973,-0.01300503,0.02124746,-0.02747297,-0.00489582,0.00946885,-0.02101238,-0.02766933,0.00800287,0.00467682,-0.00419735,-0.01848496,-0.0096303
2023,2023,10,-0.07445101,-0.03237557,0.01114255,0.01635576,0.01400665,-0.058082,-0.04991614,-0.05604534,-0.08521296,-0.06536553,-0.10874157,-0.0497805,-0.06044167,-0.05524578,-0.09862674,-0.11025066,-0.07332828,-0.04552687,-0.04961676,-0.07982792,-0.10401032,-0.07391334,-0.07641369
2023,2023,11,0.02492846,0.04603569,-0.04629957,-0.0394807,0.0009902,0.02125865,0.05461065,0.05085945,0.10306497,0.07169336,0.09335621,0.04379419,0.05495268,0.02595047,0.04889435,0.130335,0.08550873,0.02787327,0.03397143,0.06851085,0.07005046,0.07438889,0.11881087
2023,2023,12,0.04103304,-0.00629576,0.00449605,-0.01264865,-0.03315197,0.06175238,0.0391721,0.06612689,0.07223954,0.0285159,0.0576392,0.05462547,0.05395606,0.06581399,0.0559154,0.0475927,0.05065622,0.05802632,0.05350542,0.0656138,0.05289765,0.04164251,0.05483143
2023,2024,1,-0.05900872,-0.03043061,0.00560665,0.01532507,-0.02836985,-0.03895253,-0.04716526,-0.03754776,-0.04931942,-0.09784638,-0.06479725,-0.04153492,-0.04701164,-0.034279,-0.05255011,-0.0582867,-0.08966623,-0.03651555,-0.01573444,-0.07167538,-0.05522794,-0.10094436,-0.07565357
2023,2024,2,-0.08947417,0.0222309,-0.03642802,-0.0035974,-0.02567075,-0.02861629,-0.05521314,-0.12606461,-0.04001689,-0.06476153,-0.0408855,-0.11354436,-0.03962864,-0.06508747,-0.03894669,-0.04000639,-0.05734815,-0.10404265,-0.05093081,-0.04039793,-0.05898889,-0.03957784,-0.04291593
2023,2024,3,0.0194249,-0.01431283,-0.02018413,-0.02769436,0.0476752,-0.01561458,0.04643236,0.08333,0.00898938,0.04229285,0.04030924,0.08543042,0.06069175,-0.0190273,-0.00596651,0.05914042,0.03703698,-0.01124487,0.09024785,0.06913379,0.03945855,-0.0185999,0.05790289
2023,2024,4,-0.01583711,-0.04752026,-0.0017952,0.03257222,-0.00525487,0.00588304,-0.00993975,0.00923949,-0.05577355,-0.0504605,-0.03579789,-0.01620102,-0.00078584,0.02239849,-0.04548742,-0.0573122,-0.03879543,0.02166265,0.01389332,-0.03961382,-0.04107614,-0.04240267,-0.05403996
2023,2024,5,-0.10359517,-0.0212038,-0.00572643,0.00985154,0.00422487,-0.08285306,-0.08816403,-0.08605834,-0.11406408,-0.10030336,-0.10495991,-0.07736583,-0.07849026,-0.09482916,-0.10915472,-0.09657743,-0.10965515,-0.08750474,-0.08014708,-0.08642175,-0.09701353,-0.10375592,-0.11718432
2023,2024,6,-0.04118085,-0.00842129,0.0668964,0.02147089,0.01072886,-0.02526223,-0.02343706,-0.02145918,-0.04607057,-0.02643801,-0.02850263,-0.00743303,-0.04175259,-0.0239075,0.02039238,-0.07908085,-0.03517047,-0.03125293,-0.01753371,-0.01489965,-0.0284007,-0.00694142,-0.05251725
2024,2024,7,-0.02737086,-0.04361025,0.03890766,0.05071962,0.01093543,-0.00023786,0.01076363,-0.01300978,-0.06218255,-0.05131318,-0.02636875,0.00355613,-0.00270854,-0.01157297,0.00321087,-0.06833978,-0.05656764,-0.01940587,0.04287906,-0.01523445,-0.02560105,-0.03348755,-0.07681327
2024,2024,8,-0.01055113,-0.03302992,0.03936407,0.00799774,-0.01486277,0.02156916,-0.01277892,0.01082531,-0.03502212,-0.03039959,-0.01037833,0.02618504,-0.00747651,0.01079036,0.00626983,-0.03879675,-0.03054404,0.00576585,0.01234636,0.01604412,-0.00920318,-0.02311556,-0.0428088
2024,2024,9,-0.01175611,0.07684107,-0.03171643,0.03075457,0.02450024,0.00021774,0.08032029,-0.01207385,0.10135681,0.07025474,0.09801825,-0.01249262,0.03473321,-0.00287268,0.08210417,0.09831121,0.0903706,-0.0090332,0.03924767,0.00481167,0.09943548,0.10082486,0.07375172
2024,2024,10,-0.05654119,-0.03343153,-0.01526924,0.00072413,0.01767518,-0.03452819,-0.0303789,-0.03851164,-0.08691347,-0.05571239,-0.05701452,-0.0520854,-0.02716521,-0.03400055,-0.08266191,-0.07704362,-0.05199725,-0.04207599,-0.01457608,-0.03999799,-0.06115205,-0.08284108,-0.05886743
2024,2024,11,0.1548091,-0.02221774,0.08764951,-0.02384513,-0.02778916,0.20354799,0.13089749,0.1749396,0.14105206,0.15812425,0.14118918,0.23474888,0.07892207,0.18833387,0.14536926,0.12589704,0.15878254,0.187881,0.13335231,0.17580349,0.14404143,0.14438613,0.1496252
2024,2024,12,0.12472974,-0.06107205,0.01708302,-0.00416148,-0.01919457,0.15713825,0.12316313,0.1472186,0.08116082,0.0767468,0.08040081,0.14670792,0.10009627,0.16376978,0.06210695,0.07455255,0.09579369,0.15782442,0.12960707,0.13377424,0.07741604,0.07865889,0.08281468
2024,2025,1,-0.00504591,0.01866901,-0.03512408,0.07440284,0.02606487,-0.01001688,-0.00877105,0.02472689,0.00879567,0.05967957,0.01589838,-0.04145341,0.02949664,0.02473718,0.0192411,0.01853921,0.03339396,0.01686042,0.0631403,-0.01991953,0.0118137,0.07260297,0.00685713
2024,2025,2,-0.01279902,-0.07278087,0.02660513,0.033912,-0.01493786,0.02108589,-0.03838474,0.01420112,-0.07780279,-0.04820789,-0.06710574,0.02606823,0.00915144,0.00289016,-0.037575,-0.07386847,-0.07613014,0.0104657,0.05262328,-0.02164183,-0.05851979,-0.07289995,-0.06645884
2024,2025,3,-0.1089457,-0.04382191,-0.04813992,-0.01427672,-0.00542603,-0.05307988,-0.05894877,-0.10616661,-0.10331082,-0.10829399,-0.13502704,-0.06320574,-0.03837998,-0.11756848,-0.13580273,-0.06434864,-0.13915605,-0.12867624,-0.02994191,-0.04626216,-0.1367183,-0.12942156,-0.08454786
2024,2025,4,0.07582619,0.04955007,0.04590803,-0.0061791,0.03090288,0.12427655,0.20178848,0.06045063,0.16176875,0.14606259,0.16612262,0.11865375,0.07674273,0.09323463,0.16857875,0.11867371,0.17644127,0.06888458,0.09339025,0.13737006,0.14964745,0.18253438,0.15091278
2024,2025,5,-0.0665467,0.0611894,-0.04802901,0.00669676,0.03443718,-0.01649556,0.03519628,-0.08076993,0.02624487,0.0434274,0.0238294,-0.03066977,0.00323309,-0.07560003,-0.00547694,0.0566782,0.0338076,-0.07797465,-0.0146988,-0.02017516,0.02177252,0.0401921,0.03227493
2024,2025,6,-0.13664532,-0.00065392,-0.01212074,0.0074569,-0.01089394,-0.10764697,-0.11071188,-0.1227249,-0.11082557,-0.12954854,-0.11037634,-0.11510878,-0.09613312,-0.12722348,-0.11465602,-0.1093902,-0.11982709,-0.11907485,-0.11836124,-0.11536066,-0.12563723,-0.10002788,-0.11794226
2025,2025,7,-0.06853734,-0.05023625,-0.02862974,0.0503708,0.03514476,-0.07498984,-0.03666169,-0.04220473,-0.11446293,-0.08250156,-0.09971799,-0.08278154,-0.03865912,-0.03279095,-0.11068254,-0.09754548,-0.09638405,-0.05448794,-0.01961577,-0.07076613,-0.09886487,-0.07766663,-0.12725787
2025,2025,8,-0.12396207,0.00945213,-0.00714673,-0.0154452,-0.00541693,-0.10825549,-0.10177802,-0.10646637,-0.08122682,-0.09853816,-0.10749059,-0.11450062,-0.10454694,-0.09728657,-0.09457247,-0.09023268,-0.1014158,-0.10310598,-0.10269499,-0.11186961,-0.09310424,-0.11945986,-0.07939484
2025,2025,9,0.11555132,-0.07901312,-0.00264467,0.02623603,-0.01793306,0.17185107,0.12659663,0.12856254,0.05427986,0.06366819,0.06209311,0.12760174,0.14567858,0.12747497,0.06097568,0.04818817,0.0651225,0.13728333,0.14742209,0.12565812,0.07616596,0.06361279,0.0329047
2025,2025,10,0.16906794,-0.03727849,-0.01410858,0.03778648,0.03943618,0.15108629,0.21515398,0.19035029,0.13187359,0.14667826,0.16539678,0.19578416,0.20039513,0.15494126,0.12841598,0.15202217,0.16371283,0.18148915,0.21844118,0.16894566,0.14482588,0.16711634,0.1410389
2025,2025,11,0.00037332,0.00247303,-0.01295596,0.0106575,0.04026109,0.00045642,0.03588476,0.01742976,0.00089433,0.04598818,0.01847619,0.01194357,0.03688455,-0.01515423,0.00439205,0.00536299,0.03767143,0.02525333,0.01384732,0.01627573,0.02678456,0.02462609,0.00088268
2025,2025,12,0.21240517,-0.06407343,-0.04197832,0.01034895,-0.0605018,0.27480488,0.26886184,0.19603176,0.21069237,0.0956318,0.17922221,0.21063902,0.2487343,0.22262632,0.17315512,0.21901648,0.15812205,0.20048177,0.30334775,0.20499695,0.1696583,0.13535623,0.21300913
2025,2026,1,-0.07180252,-0.06348475,-0.03946432,0.03944179,0.03977143,-0.08286794,-0.02441709,-0.05191235,-0.13022831,-0.1091363,-0.11999912,-0.10462119,-0.01352814,-0.07560522,-0.1079644,-0.12012881,-0.12955916,-0.02411038,-0.04128437,-0.09749387,-0.1015891,-0.122962,-0.14563607
2025,2026,2,-0.08834984,-0.01110484,0.03253416,-0.00384772,0.00874465,-0.06300525,-0.06920225,-0.07204728,-0.09332475,-0.06963845,-0.06633973,-0.05247177,-0.07053224,-0.08607422,-0.07302083,-0.12002868,-0.05620238,-0.07522694,-0.07835915,-0.05144481,-0.04266258,-0.08893561,-0.1081545
2025,2026,5,0.15775468,-0.01947387,-0.09118783,0.01520249,-0.00997287,0.14707992,0.20261601,0.16495245,0.19834576,0.12286392,0.14432447,0.14703631,0.22617685,0.13995455,0.06877025,0.17200537,0.20334024,0.16333905,0.2302591,0.14053537,0.15002527,0.13384538,0.19316414
2025,2026,6,0.1869479,-0.01534169,-0.04099894,0.01067664,-0.06571299,0.27024796,0.18222387,0.1912043,0.20647465,0.16307277,0.19995119,0.10619705,0.20927152,0.29271587,0.20705993,0.18598334,0.18724541,0.22340812,0.2071547,0.18409788,0.20316788,0.18689366,0.1885972
